pseudo,salary11,salary10,salary13,salary12,salary15,salary14,salary08,salary09,salary06,salary07,salary05
sharpwa01,,,,,,,,"$442,114",,,
jaricma01,"$7,625,000","$7,100,000",,,,,"$6,050,000","$6,575,000","$5,000,000","$5,525,000","$2,100,000"
couside01,"$3,374,640",,"$3,880,800","$3,627,720","$13,701,250","$4,916,974",,,,,
mcneaje01,,,,,"$29,843",,,,,,
roberan02,,,,,,,,"$797,581","$398,762","$267,111",
mcdyean01,"$4,860,000","$3,000,000",,"$2,640,000",,,"$6,373,900","$950,419","$5,393,300","$5,883,600","$4,903,000"
brackcr01,"$1,306,920",,,"$1,404,960",,,,,,,
speigma01,"$1,773,960","$1,658,280","$4,200,000","$2,721,255","$3,657,500","$3,500,000",,"$1,542,600",,,
muscami01,,,,,"$816,482",,,,,,
beaubro01,"$1,156,080","$1,075,440","$2,227,333","$1,236,720",,,,,,,
milleda01,,,"$473,604",,"$400,000","$788,872",,,,,
robinna01,"$4,200,000","$4,000,000","$1,146,337","$983,307","$154,918","$2,016,000","$1,268,160","$2,020,179","$1,102,680","$1,185,480",
traylro01,,,,,,,,,,,"$1,600,000"
caldwke01,,,,,"$2,772,480","$2,653,080",,,,,
odengr01,"$6,760,524","$5,361,240",,"$1,500,000",,"$1,027,424","$4,662,000","$5,011,680",,,
blairde01,"$918,000","$850,000","$1,054,000","$986,000","$2,000,000","$947,907",,,,,
hallmi01,,,,,,,,,,"$135,895",
kamanch01,"$11,800,000","$10,400,000","$8,000,000","$14,030,000","$4,800,000","$3,183,000","$8,600,000","$9,500,000","$2,753,760","$3,491,768","$2,574,240"
lauvejo01,,,,,"$1,790,280",,,,,,
jamesda01,"$1,156,320",,"$50,258","$1,243,080",,,,,,,
ibakase01,"$1,204,200","$1,120,200","$2,253,062","$1,288,200","$12,350,000","$12,250,000",,,,,
bogdabo02,,,,,"$3,278,000",,,,,,
pekovni01,"$4,000,000",,"$4,837,200","$4,503,600","$12,100,000","$12,100,000",,,,,
ortonda01,"$1,028,400",,"$757,712","$1,105,560",,,,,,,
johnsan02,,"$2,160,000",,,,,"$2,860,000","$1,910,000","$2,420,000","$2,640,000","$2,200,000"
gaide01,,,,,,,,,"$92,396",,
pietrmi01,"$5,300,000","$5,300,000","$1,005,097","$1,223,166",,,"$3,470,770","$5,300,000","$1,910,520","$2,535,260","$1,785,960"
bassbr01,"$4,000,000","$4,000,000","$6,000,000","$4,250,000","$6,900,000","$6,450,000","$770,610","$826,269","$398,762","$664,209",
strawdj01,,,,,,,"$427,163",,,,
nichoan01,,,"$1,418,160",,"$1,545,840","$1,482,000",,,,,
nealga01,"$525,000",,"$854,389","$762,195","$3,250,000","$3,250,000",,,,,
shumpim01,,,"$1,680,360","$1,563,120","$2,616,975","$1,703,760",,,,,
mclembe01,,,,,"$3,026,280","$2,895,960",,,,,
radulmi01,,,,,"$96,100",,,,,,
mutomdi01,,,,,,,"$1,219,590","$794,491","$2,000,000","$2,210,000","$4,496,434"
kutluib01,,,,,,,,,"$1,760,000",,"$1,600,000"
johnsja01,"$1,713,600","$1,594,080","$2,812,006","$1,833,120","$2,500,000",,,,,,
johnsja02,,,"$1,120,440","$1,042,320",,,,,,,
greenwi01,"$3,976,000","$3,682,000","$1,475,106","$1,223,166","$1,448,490","$1,399,507","$3,094,000","$3,388,000",,"$2,800,000","$620,046"
brownpj01,,,,,,,,,"$8,000,000","$8,560,000","$8,000,000"
karlco01,,"$43,319",,,,,"$427,163",,,,
woodsqy01,,,,,,,,,"$599,834",,"$1,127,280"
gladnmi01,,,,"$248,263",,,,,,,
collija03,"$643,551","$1,181,803",,,,,"$2,350,000","$2,074,302","$1,700,000","$2,625,698","$1,700,000"
collija02,,,,,,,,,"$1,650,000",,"$1,500,000"
collija04,"$1,352,181","$1,181,803","$1,352,181","$1,352,181",,,"$6,100,000","$6,200,000","$5,500,000","$5,800,000","$1,887,864"
boonejo01,,"$2,056,968",,,,,"$1,133,040","$1,212,120",,"$1,053,960",
greener01,,,,,"$507,336",,,,,,
hunteot01,,"$307,564",,,,,,"$442,114",,,
boozeca01,"$14,400,000","$13,520,500","$15,000,000","$13,500,000","$3,250,000","$15,300,000","$11,260,483","$11,593,817","$11,593,816","$11,260,483","$10,967,500"
brownan01,,,,,,,"$711,517","$107,908",,"$241,591",
wareca01,,,,,,,,,,,
ahearbl01,,,,,,,,"$125,562",,,
anticpe01,,,,,"$1,250,000",,,,,,
murpher01,,,,,"$100,000",,,,,,
haddaha01,"$1,600,000","$1,627,779","$1,300,000","$1,300,000",,"$200,000",,"$1,572,221",,,
nichode01,,,,,,,"$427,163","$87,893",,,
collish01,"$473,604",,,,,,,,,,
pittmde01,"$473,604",,"$854,389","$762,195",,,,,,,
kirilan01,"$17,823,000","$16,452,000","$9,779,349",,"$3,326,235","$3,183,000","$13,735,000","$15,106,000","$10,983,000","$12,364,000","$1,671,694"
uzohbe01,"$473,604",,,"$61,433",,,,,,,
tsakaja01,,,,,,,,,"$2,900,000","$2,900,000","$2,900,000"
bowenbr01,,"$2,000,000",,,,,"$4,125,000","$4,000,000","$3,375,000","$3,750,000","$3,000,000"
adamsst01,,,,,"$2,184,960","$2,090,880",,,,,
hilarne01,"$11,360,000","$10,520,000","$13,000,000","$13,000,000","$13,000,000","$13,000,000","$8,840,000","$9,680,000","$3,039,889","$8,000,000","$2,260,280"
waltolu01,"$5,260,000","$4,840,000","$6,091,363","$5,680,000",,,"$4,000,000","$4,420,000","$1,250,000","$1,375,000","$620,046"
plumlma01,,,,,"$1,357,080","$1,298,640",,,,,
sypa01,"$473,604",,,,,,,,,,
curryed01,"$11,530,592","$10,500,423","$23,852","$1,229,255",,,"$8,947,543","$9,723,983","$7,390,000","$8,171,103","$3,896,402"
greenge01,,,"$3,500,000","$73,818","$3,500,000","$3,500,000","$1,440,960","$854,957","$1,253,040","$1,347,000",
roybr01,"$13,520,500","$3,910,816","$5,100,000","$16,032,144","$19,317,326",,"$2,883,120","$3,084,240",,"$2,681,880",
mooreet01,,,"$762,195","$473,604","$948,163","$884,293",,,,,
okafoem01,"$11,495,000","$10,538,937","$13,490,000","$12,541,812",,"$14,487,500","$5,427,307","$9,537,500","$4,020,120","$4,300,560","$3,739,680"
wrighdo01,"$3,500,000","$2,750,000","$4,106,000","$3,823,000","$3,150,000","$3,000,000","$2,040,746","$2,612,835","$1,238,640","$1,325,160","$1,152,240"
millspa02,"$937,195","$457,588","$1,085,120",,"$3,842,105","$1,133,950",,,,,
smithis01,"$473,604",,"$854,389","$116,768","$981,084","$951,463",,,,,
dudleja01,"$2,151,068","$1,307,640","$4,250,000","$4,250,000","$4,250,000","$4,250,000","$1,137,000","$1,222,320",,,
diopde01,"$6,478,600","$6,031,800","$7,372,200","$6,925,400",,,"$2,146,000","$5,585,000","$1,850,000","$1,998,000","$2,695,164"
magloja01,"$1,229,255","$1,229,225",,"$1,352,181",,,"$4,000,000","$1,141,838","$8,533,333","$8,433,334","$8,533,333"
tinslja01,"$5,500,000","$990,300",,,,,"$6,300,000","$6,750,000","$5,400,000","$5,850,000","$1,554,326"
anthoca01,"$17,149,243","$15,779,912","$19,450,000","$18,518,574","$22,458,000","$22,407,474","$13,041,250","$14,410,581","$3,713,640","$4,694,041","$3,471,360"
willima04,,,,,,,"$12,890",,,,
koufoko01,"$1,352,640","$1,214,040","$3,000,000","$2,203,792","$3,000,000","$3,000,000",,"$1,129,320",,,
barneha02,,,"$2,798,040",,"$3,049,920","$2,923,920",,,,,
arthuda01,"$1,123,680","$1,050,480","$3,006,217","$2,027,119","$3,457,149","$3,231,683",,"$977,160",,,
dixonju01,,,,,,,"$2,550,000","$998,398","$2,500,000","$2,550,000","$1,348,200"
duhonch01,"$3,500,000","$6,031,800","$3,500,000","$3,500,000",,"$1,500,000","$3,248,000","$5,585,000","$2,800,000","$3,024,000","$385,277"
hibbero01,"$1,685,280","$1,575,360","$13,686,750","$2,588,590","$14,898,938","$14,283,844",,"$1,465,400",,,
snower01,,,,,,,"$6,703,125","$7,312,500","$5,484,375","$6,093,750","$4,875,000"
mcfariv01,,,,,,,,,,"$412,718",
davised01,"$1,919,160",,"$2,207,040","$2,063,040","$981,084","$3,153,860",,,,,
silasxa01,,,,,,,,,,,
barryjo01,,,,,,,,,"$1,800,000",,"$1,800,000"
anderke01,,,,,,,,,,,"$1,100,000"
youngja01,,,,,"$1,674,480",,,,,,
stephdj01,,,,,,,,,,,
selbyjo01,,,"$762,195","$550,000",,,,,,,
livinra01,,,,,,,,,,,
zellety01,,,"$1,563,120",,"$1,703,760","$1,633,440",,,,,
watkida01,,,,,,,"$109,461",,,,
harrimi01,,"$64,978",,,,,,,,,
buyckdw01,,,,,"$48,028",,,,,,
allenma01,"$1,229,255","$1,300,000",,,,,"$998,398","$1,300,000","$1,670,000","$1,803,600","$1,950,625"
fernaru01,"$1,246,680","$1,165,320",,"$2,180,443",,,,"$1,084,080",,,
cartevi01,"$17,300,000","$16,300,000","$3,090,000","$3,000,000","$3,911,981","$3,180,000","$13,320,000","$14,724,125","$13,843,156","$15,101,625","$12,584,688"
wiggian01,,,,,"$5,510,640",,,,,,
cousima01,,,,,,,,,,,
wilcocj01,,,,,"$1,109,760",,,,,,
mercero01,,,,,,,,,"$1,760,000",,"$1,600,000"
harrijo01,,,,,"$884,879",,,,,,
jonesbo02,,,,,,,"$85,932",,,"$412,718",
westde01,"$1,069,509","$4,254,250","$992,680","$1,146,337",,,"$1,889,760","$3,850,000","$1,010,040","$1,080,480","$939,480"
bynuman01,"$13,700,000","$12,526,998","$16,889,000","$14,900,000",,"$6,000,000","$2,172,000","$2,769,300","$1,888,680","$2,030,280",
lafrera01,,,,,,,"$12,440,787","$12,722,500","$10,623,288","$11,532,037","$9,714,538"
sesayan01,,,,,,,,,,,"$745,046"
ackeral01,,,,,,,,"$711,517","$398,762","$839,209",
jamesje01,,"$6,600,000",,,,,"$5,800,000","$6,200,000","$5,000,000","$5,400,000","$5,455,200"
gasolma01,"$3,480,000","$3,240,000","$13,891,359","$12,922,194","$15,829,688","$14,860,523",,"$3,093,333",,,
agerma01,"$83,305",,,,,,"$974,400","$1,042,440",,"$906,480",
hillgr01,"$3,324,000","$3,000,000","$1,975,000","$6,500,000",,,"$1,830,000","$1,976,400","$15,694,250","$16,901,500","$14,487,000"
dysonje01,,,,,,,,,,,
brownma02,,,,,"$507,336",,,,,,
willijo03,,,"$762,195","$473,604",,,,,,,
hamilju01,,,,,"$816,482",,,,,,
bairsca01,,,,,"$507,336",,,,,,
datomlu01,,,,,"$1,750,000",,,,,,
bealbr01,,,"$4,133,280",,"$4,505,280","$4,319,280",,,,,
thabeha01,"$4,793,280","$4,458,840","$1,200,000","$5,127,720",,"$1,200,000",,,,,
bendejo01,,"$801,361",,,,,,,"$7,175,000",,"$6,525,000"
harrima01,"$473,604",,,"$122,942",,,,,,,
lafayol01,,,,,,,,,,,
sivape01,,,,,"$100,000",,,,,,
mohamna01,"$6,883,800","$6,466,600","$1,352,181","$3,750,000","$1,448,490","$1,399,507","$5,632,200","$6,049,400","$5,500,000","$5,215,000","$5,250,000"
hillso01,,,,,"$1,302,840","$1,246,680",,,,,
jacksda01,"$854,389","$736,420",,,,,,"$450,000",,,
haywago01,"$2,356,320",,"$2,709,720","$2,532,960","$14,746,000","$3,452,183",,,,,
landrca01,"$3,000,000","$3,000,000","$4,000,000","$8,500,000","$6,500,000","$6,500,000","$427,163","$3,000,000",,,
nestera01,,"$1,990,000",,,,,"$7,840,000","$8,400,000","$6,720,000","$7,280,000","$6,160,000"
radmavl01,"$6,883,800","$6,466,600","$1,352,181","$1,352,181",,,"$5,632,200","$6,049,400","$3,166,155","$5,215,000","$2,300,984"
arizatr01,"$6,322,320","$5,854,000","$7,258,960","$6,790,640","$8,579,089","$7,727,280","$3,100,000","$3,100,000","$682,051","$3,100,000","$385,277"
davispa01,,"$80,488",,,,,"$687,456","$328,416",,"$412,718",
davisan02,,,"$5,144,280",,"$5,607,240","$5,375,760",,,,,
kanteen01,,,"$4,443,360","$4,133,280","$5,694,674","$4,505,280",,,,,
josepco01,,,"$1,105,560","$1,028,400","$2,023,261","$1,120,920",,,,,
millspa01,"$7,600,000","$7,692,932","$8,603,633","$8,103,435","$9,500,000","$9,500,000","$687,456","$797,581",,"$625,000",
biyombi01,,,"$3,007,920","$2,798,040","$3,873,398","$3,049,920",,,,,
petrojo01,"$3,250,000","$884,881","$3,500,000","$3,250,000",,,"$1,077,120","$1,939,893","$936,600","$1,006,800",
wroteto01,,,"$1,110,120",,"$1,210,080","$1,160,040",,,,,
bhullsi01,,,,,"$29,843",,,,,,
willilo02,"$5,000,000","$4,972,500","$5,000,000","$5,176,000","$5,450,000","$5,225,000","$770,610","$4,500,000","$450,000","$664,209",
ruffimi01,,,,,,,"$1,033,930","$1,141,838","$1,670,000","$1,803,600","$745,046"
willial02,,,,,,,"$4,516,484",,"$6,300,000","$103,992","$5,850,000"
davisda01,,,,,,,,,"$3,500,000","$3,500,000","$10,068,750"
ilyaser01,"$2,320,500","$2,100,000","$7,900,000","$2,541,000","$7,900,000","$7,900,000",,,"$398,762","$664,209",
scaleal01,,,,,,,,,"$24,315",,
decolna01,,,"$1,400,000",,,"$1,463,000",,,,,
dedmode01,,,,,"$816,482",,,,,,
araujra01,,,,,,,,,"$2,238,960","$2,395,200","$2,082,720"
boganke01,"$1,600,000","$1,033,342","$1,229,225","$848,266",,"$5,058,198","$2,440,000","$2,565,000","$869,373","$2,510,000","$620,046"
navarju01,,,,,,,"$538,090",,,,
delfica01,"$3,500,000","$3,500,000","$3,000,000","$3,500,000","$650,000","$3,250,000","$1,868,141",,"$969,696","$1,037,280","$901,920"
griffed01,,,,,,,"$2,900,000",,"$2,500,000","$2,700,000","$695,046"
santida01,,,,,,,,,,,"$1,320,000"
thompja02,"$2,178,000","$2,035,920","$5,250,000","$3,001,284","$6,037,500","$5,643,750",,"$1,893,840",,,
scolalu01,"$7,775,378","$3,375,600","$4,148,510","$8,591,793","$4,868,499","$4,508,504","$2,910,000","$3,100,667",,,
moreler01,,,,,"$507,336",,,,,,
paytoga01,,,,,,,,,"$1,138,500","$1,178,348","$5,408,700"
morriad01,,"$5,257,229",,,,,"$3,887,880","$4,159,200",,"$3,616,680",
marshdo01,,,,,,,"$6,016,965","$1,262,275","$4,799,108","$5,633,037","$5,023,850"
delkto01,,,,,,,,,"$3,375,000",,"$2,700,000"
brookaa01,"$2,016,692","$1,118,520","$3,250,000",,"$1,145,685","$1,027,424","$972,720","$1,045,560",,,
sambch01,,,,,,,"$427,163","$797,581",,,
lampema01,,,,,,,,,"$900,000",,"$900,000"
howarjo01,"$3,000,000","$10,890,000","$1,229,255","$2,150,000",,,"$9,000,000","$9,945,000","$923,880","$1,667,603","$863,640"
childjo01,"$6,500,000",,"$377,474","$6,000,000","$7,317,500",,"$3,631,449",,"$2,677,200","$2,863,920","$2,490,360"
pachuza01,"$4,251,250","$4,750,000","$5,248,750","$4,750,000","$5,200,000","$5,200,000","$4,000,000","$4,000,000","$4,000,000","$4,000,000","$620,046"
laettch01,,,,,,,,,,,"$1,100,000"
youngth01,"$2,901,241","$2,105,400","$8,289,130","$7,478,261","$9,410,870","$8,600,000","$1,830,720","$1,968,120",,,
ndongbo01,,,,,,,,,"$398,762","$839,209",
dragizo01,,,,,"$1,962,103",,,,,,
declean01,,,,,,,,,,,"$2,500,000"
paytoel01,,,,,"$2,397,840",,,,,,
brownda02,,,,,,,,,,,
owensla01,"$55,718",,,"$86,052",,,,,,,
smithch04,,,,,,,,,"$771,123",,
witheje01,,,,,"$816,482",,,,,,
tskitni01,,,,,,,,,"$745,248",,"$2,910,600"
fordtj01,"$8,500,000","$8,500,000",,"$1,146,337",,,"$8,000,000","$8,000,000","$2,303,040","$2,929,467","$2,152,800"
stoudam01,"$16,486,611","$16,378,325","$19,948,799","$18,217,705","$485,670","$21,679,893","$13,762,775","$15,070,550","$2,589,023","$12,455,000","$2,032,200"
wrighlo02,,,,,,,"$3,250,000","$1,262,275","$7,700,000","$3,250,000","$7,150,000"
pendeje02,,"$457,588","$1,500,000","$1,500,000","$1,828,750","$1,750,000",,,,,
fitchge01,,,,,,,,,"$359,858",,
tayloma01,,,,,,,,,"$9,100,000","$1,065,918","$8,450,000"
hardeja01,"$4,304,520","$4,054,160","$5,820,417","$4,604,760","$14,728,844","$13,701,250",,,,,
greenor01,"$52,066",,,,,,,,"$398,762","$664,209",
ndiayha01,"$473,604",,,"$270,427",,,,,,,
millean02,"$7,269,264","$6,730,800","$5,000,000","$7,807,728","$4,625,000","$5,000,000","$9,366,666","$10,333,334","$8,100,000","$8,733,333","$7,366,667"
millean01,,,,,,,,,,,"$34,118"
cheanca01,,,,,,,,,"$1,760,000",,"$1,600,000"
willish01,,,,,,,,,,"$1,750,000",
schrode01,,,,,"$1,690,680","$1,348,200",,,,,
willish03,"$885,210","$2,416,067","$2,600,000","$3,000,000","$1,227,985",,"$1,470,360","$1,572,960",,"$1,367,760",
willish02,"$915,852","$825,497",,"$992,680",,,"$3,174,240","$3,395,760",,"$2,952,840",
blalowi01,,,,,,,,,,"$412,718",
fowlktr01,,,,,,,,,,,"$79,029"
cunnija01,,,"$1,156,320",,,"$1,208,400",,,,,
hudsotr01,,,,,,,"$1,219,590",,"$5,253,000","$5,603,000","$4,903,000"
hardati02,,,,,"$1,250,640","$1,196,760",,,,,
barrean01,,,,,,,,,,"$744,551","$385,277"
thomabi01,,,,,,,"$264,897",,,,
roberla01,,,,,,,,,"$398,762","$664,209",
murphke01,,,"$473,604",,"$65,000",,,,,,
simshe01,,,,,"$915,243",,,,,,
cooleja01,,,,,"$187,357",,,,,,
gordodr01,,,,,"$40,000",,,,,,
jonesdo02,"$1,110,120",,"$1,276,560","$1,193,280",,,,,,,
evansty01,"$3,880,920","$3,610,080","$5,251,825","$4,151,640","$10,763,500","$10,300,000",,,,,
huntech01,,"$632,455",,,,,,,,,
garcial01,,,,,,,,,,,"$620,046"
ewingda01,,,,,,,,,"$450,000","$664,209",
martica01,"$854,389","$86,638","$915,852",,"$1,145,685",,,"$200,252",,,
leonaka01,,,"$1,861,920","$1,731,960","$2,894,059","$1,887,840",,,,,
parkesm01,,,,,,,"$2,250,000","$1,660,000","$745,248","$798,112","$695,046"
milesda01,,"$9,000,000",,,,,"$8,250,000","$704,752","$7,250,000","$7,750,000","$6,750,000"
ohlbrti01,,,"$144,867",,,"$788,872",,,,,
noelda01,,,,,,,"$687,456",,,"$412,718",
gortama01,"$6,322,320","$5,854,000","$7,258,960","$6,790,640","$10,434,782","$7,727,280","$427,163","$711,517",,,
persowe01,,,,,,,,,"$1,760,000",,"$1,600,000"
garripa01,,,,,,,"$3,818,750",,"$3,231,250","$3,525,000","$2,937,500"
benimje01,,,,,"$29,843",,,,,,
jackslu02,,,,,,,"$279,415",,"$1,955,160","$40,501","$1,818,720"
jonesja02,"$1,069,509","$4,320,000","$1,500,000","$1,500,000","$1,448,490",,"$2,900,000","$4,010,000","$2,400,000","$2,650,000","$620,046"
lavinza01,,,,,"$2,055,840",,,,,,
jeffrja01,"$6,883,800","$6,466,600","$1,475,106","$1,229,255",,,"$5,632,200","$6,049,400","$2,433,824","$5,215,000","$1,834,080"
stockda01,,,,,"$29,843",,,,,,
andersh01,,,,,,,,,"$1,035,000","$7,244,726","$873,699"
evansre01,"$5,080,000","$4,960,000","$1,622,617","$1,229,255","$1,768,653","$1,695,635","$4,320,000","$4,640,000","$1,100,000","$4,000,000","$880,000"
smithth01,,,,,,,,,,,"$620,046"
robingl01,,,,,,,,,,,"$12,071,250"
casspom01,"$1,254,480","$1,167,000","$2,277,306","$1,341,960","$1,063,384","$947,907",,,,,
barbole01,"$7,100,000","$6,600,000","$1,229,255","$7,600,000","$1,448,490",,"$5,600,000","$6,100,000","$930,600","$1,679,733","$870,000"
parkean01,"$2,855,700","$2,644,230",,"$2,250,000",,,"$4,350,000","$4,550,000",,"$4,150,000",
penneki01,,,,,,,,,,,
dienetr01,,"$1,740,000",,,,,"$1,500,000","$1,620,000","$398,762","$664,209",
crawfjo02,"$1,042,320",,"$1,198,680","$1,120,440",,"$2,162,419",,,,,
crawfjo01,,,,,,,,,,,
motiedo01,,,"$1,453,520",,"$1,483,920","$1,422,720",,,,,
hamiljo02,,,"$1,153,800","$1,073,286","$150,591","$1,169,880",,,,,
jonesma03,,,,,,,,,,,
adrieje01,"$342,666",,"$804,131","$270,427","$981,084","$916,099",,,,,
bazemke01,,,"$473,604",,"$2,000,000","$788,872",,,,,
billuch01,"$13,150,000","$12,100,000","$4,000,000","$2,000,032",,"$2,500,000","$10,000,000","$11,050,000","$5,909,800","$6,364,400","$5,455,200"
fosteje01,"$6,655,000","$6,077,500",,"$3,000,000",,,"$5,500,000","$5,500,000","$5,000,000","$5,500,000","$4,500,000"
johnsli01,,,,,,,"$283,953","$125,374","$719,373","$771,331","$620,046"
harrito02,,,"$1,524,480","$1,418,160","$2,380,594","$1,545,840",,,,,
holidjr01,"$1,627,920","$1,514,280","$2,674,852","$1,741,440","$9,904,495","$9,213,484",,,,,
morrida01,,,"$962,195","$473,604","$702,756","$1,046,269",,,,,
turkohe01,"$10,215,850","$9,000,000","$11,815,850","$11,015,850","$1,448,490","$12,000,000","$6,373,900","$6,864,200","$5,393,300","$5,883,600","$4,903,000"
ramospe01,,,,,,,,,"$660,000","$384,776","$600,000"
evansje01,"$473,604",,"$1,794,872","$762,195","$1,794,871","$1,660,257",,,,,
rosede01,"$5,546,160","$5,184,480","$16,402,500","$6,993,708","$18,862,875","$17,632,688",,"$4,822,800",,,
anderde01,,,,,,,"$1,219,590",,"$1,670,000","$400,000","$8,443,500"
reineja01,,,,,,,,,"$242,612","$396,905","$385,277"
hensojo01,,,"$1,823,280",,"$1,987,320","$1,905,360",,,,,
udohek01,"$3,065,040",,"$3,524,880","$3,294,960","$981,084","$4,469,548",,,,,
haislma01,,"$825,497",,,,,,,,,"$576,380"
stokeja01,,,,,"$725,000",,,,,,
dragigo01,"$1,972,000","$1,836,000","$7,500,000","$2,108,000","$7,500,000","$7,500,000",,"$1,700,000",,,
gallida01,"$3,304,560","$3,089,040","$9,439,000","$4,190,182","$10,854,850","$10,146,925",,"$2,873,520",,,
livinsh01,"$3,500,000","$296,695","$256,240","$3,500,000","$5,305,000","$1,272,279","$4,404,629","$370,000","$3,254,880","$3,481,920","$3,027,840"
jackja01,"$4,600,000","$4,500,000","$5,400,000","$5,000,000","$6,300,000","$6,300,000","$1,217,400","$2,002,623","$1,058,640","$1,137,960",
aldemfu01,,,,,"$3,000,000",,,,,,
powelka01,,,,,,,,,,,
smithru01,,,,,"$816,482",,,,,,
jerebjo01,"$762,195","$457,588","$4,500,000","$4,500,000","$4,500,000","$4,500,000",,,,,
mayooj01,"$4,456,200","$4,165,560","$4,020,000","$5,632,637","$8,000,000","$8,000,000",,"$3,875,040",,,
marshra01,,,,,,,,,"$398,762","$664,209",
howardw01,"$16,647,180","$15,202,590","$19,536,360","$18,091,770","$21,436,271","$20,513,178","$6,061,274","$13,758,000","$4,493,160","$4,806,720","$4,179,720"
johnsty01,,,,,"$507,336",,,,,,
thomais02,,,"$762,195","$473,604","$7,238,606","$884,293",,,,,
dickada01,,,,,,,"$926,678",,"$2,250,000","$2,753,218","$893,400"
fieldla01,"$473,604",,"$6,250,000","$762,195","$6,250,000","$6,250,000",,,,,
capelca01,,,,,"$1,189,200",,,,,,
tuckeal02,,"$1,071,720",,,,,"$931,920","$1,001,880",,,
davisjo02,,,,"$314,041",,,,,"$17,546",,"$620,046"
jeffeot01,,,,,,,,,,,
mulleby01,"$1,204,200","$1,120,200","$2,253,306","$1,288,200",,"$947,907",,,,,
veselja01,,,"$3,294,960","$3,065,040",,"$3,340,920",,,,,
novakst01,"$350,179","$855,189","$4,054,055","$992,680","$3,445,946","$3,750,000","$687,456","$797,581",,"$600,000",
dentmju01,,,,,,,,,,,
zelleco01,,,,,"$4,030,560","$3,857,040",,,,,
humphkr01,"$3,200,000","$3,200,000","$12,000,000","$8,000,000","$4,300,000","$12,000,000","$2,522,913","$3,200,000","$1,592,400","$1,703,520","$1,481,400"
ellismo01,"$11,000,000","$11,000,000","$11,000,000","$11,000,000","$8,360,000","$8,000,000","$770,610","$11,000,000","$448,762","$664,209",
johnsch03,"$27,859",,"$447,298","$762,195",,"$916,099",,,,,
johnsda03,,,"$192,228",,,,,,,,
brunsri01,,,,,,,,,"$1,029,873",,"$932,546"
augusja01,,,,,,,"$687,456",,,"$412,718",
drumman01,,,"$2,356,320",,"$2,568,360","$2,462,400",,,,,
bakervi01,,,,,,,,,"$3,850,000","$86,221","$3,500,000"
kiddgmi01,,,"$4,602,720",,"$5,016,960","$4,809,840",,,,,
holidju01,,,,,"$816,482",,,,,,
masseto01,,,,,,,,,,,"$1,100,000"
redicjj01,"$7,250,000","$2,839,408","$6,190,000","$6,750,000","$6,583,500","$6,300,000","$2,000,160","$2,139,720",,"$1,860,720",
bartowi01,,,"$550,000",,"$915,243","$788,872",,,,,
whitero02,,,,,,,,,,,"$1,797,845"
woltena01,,,,,"$96,056",,,,,,
griffta01,,"$457,588",,,,,,,,,
harrite01,,,"$186,656","$473,604",,,,,,,
johnsch04,,,"$61,290",,"$107,674",,,,,,
ricegl02,,,,,"$400,000",,,,,,
dalemsa01,"$13,428,129","$12,025,694","$6,698,565","$7,000,000","$3,867,282","$3,700,748","$10,250,000","$11,238,564","$8,470,000","$9,464,307","$1,599,549"
marblde01,,,,,"$884,879",,,,,,
chandty01,"$12,600,000","$11,850,000","$13,604,188","$13,107,837","$14,598,888","$14,100,538","$10,250,000","$11,350,000","$9,000,000","$9,150,000","$4,801,102"
georgde01,,"$1,600,000",,,,,"$2,369,111","$1,600,000","$5,000,600","$1,974,259","$4,546,000"
antetgi01,,,,,"$1,873,200","$1,792,560",,,,,
alexaco01,,,,,,,,,,,
earlycl01,,,,,"$507,336",,,,,,
thomajo02,,,,,,,,,"$103,443",,
patteru01,,,,,,,"$304,897",,"$6,353,200","$6,807,000","$5,899,400"
fortsda01,,,,,,,,,"$6,207,670","$6,596,990","$5,818,136"
hitero01,,,,,,,,,,"$412,718",
ayongu01,,,"$1,500,000","$1,567,500",,"$1,500,000",,,,,
burleke01,,,,,,,,,"$398,762","$70,000",
johnser02,,,,,,,,,"$1,138,500",,"$4,837,633"
marshke01,,,"$1,919,160",,"$915,243","$2,005,560",,,,,
davisri01,,"$2,484,000",,,,,"$6,819,000","$2,300,000","$5,909,800","$6,364,400","$5,455,200"
teaguje01,"$1,476,840","$1,373,880","$2,433,077","$1,579,920","$8,000,000","$8,000,000",,,,,
wrighch01,,,,"$473,604",,,,,,,
mournal01,,,,,,,"$2,762,500",,"$1,138,500","$2,500,000","$5,408,700"
allrela01,,,,,,,,,,,
footeje01,,,,"$225,341",,,,,,,
davisba01,"$13,000,000","$12,150,000","$14,850,000","$1,352,181",,,"$16,440,000","$11,250,000","$13,700,000","$15,070,000","$12,330,000"
ilgauzy01,"$1,352,181","$11,541,074",,,,,"$10,142,156","$10,841,615","$8,740,000","$9,442,697","$14,625,000"
ndiayma02,,,,,,,,,,,"$750,000"
krstine01,"$5,543,116","$5,400,000",,,,,"$1,889,760","$4,778,548","$1,010,040","$1,080,480","$939,480"
murphtr01,"$11,968,253","$11,047,619","$214,758","$1,352,181",,,"$9,206,349","$10,126,984","$7,365,079","$8,285,714","$2,231,808"
ginobma01,"$11,854,584","$10,728,130","$14,107,492","$12,981,038","$7,000,000","$7,500,000","$9,079,811","$9,905,248","$7,428,937","$8,254,375","$6,603,500"
thomaja02,,,,,,,,,"$148,698",,
parkeja01,,,,,"$4,930,560",,,,,,
duncati01,"$18,700,000","$22,183,220","$9,638,554","$21,164,619","$10,000,000","$10,361,446","$19,014,188","$20,598,704","$15,845,156","$17,429,672","$14,260,641"
brownde02,,"$1,100,000",,,,,"$1,200,000","$998,398","$2,500,000","$500,000","$695,046"
mihmch01,,,,,,,"$2,500,000","$2,500,000","$3,792,817","$4,214,241","$3,371,393"
hawessp01,"$2,974,320","$2,332,800","$8,500,000","$4,051,024","$5,305,000","$6,500,000","$2,028,600","$2,180,760",,,
brownkw01,"$1,229,255","$4,100,000","$2,819,044","$6,750,000",,"$2,945,901","$9,075,000","$4,000,000","$7,500,000","$8,287,500","$5,361,873"
iveyro01,"$1,200,000","$1,050,000","$1,223,166","$1,200,000",,,"$826,046","$854,957","$641,748","$744,551","$425,000"
oquinky01,,,"$788,872",,"$915,243","$788,872",,,,,
varnaja01,,,"$33,431",,"$75,000","$788,872",,,,,
porteot01,,,,,"$4,470,480","$4,278,000",,,,,
dayeau01,"$1,803,720","$1,677,840","$2,958,077","$1,929,600","$125,104","$947,907",,,,,
barroea01,"$188,558",,"$358,600","$185,588","$107,676",,"$973,328",,"$398,762","$744,551",
bayleje01,"$2,292,600","$2,143,080","$3,000,000","$3,042,280","$3,000,000","$3,135,000",,"$1,993,560",,,
blueva01,,,,,,,,,,,
turiaro01,"$4,000,000","$4,140,000","$1,146,337","$4,360,000","$1,500,000","$1,500,000","$770,610","$4,500,000",,"$664,209",
sandeme01,,,,,,,,,"$24,315",,
goldwan01,,,,,,,,,"$74,652",,"$116,713"
rebraze01,,,,,,,,,"$3,000,000","$3,240,000","$2,500,000"
jianlyi01,"$4,050,499","$3,194,400",,"$827,197",,,"$2,777,760","$2,986,080",,,
snydeki01,,,,,,,"$2,358,433",,"$1,437,240","$1,537,440","$1,336,920"
gillke01,,,,,,,,,,,"$912,195"
wearda01,,,,,"$29,843",,,,,,
papanko01,,,,,"$4,800,000",,,,,,
robincl02,,,,,,,"$500,000",,"$2,500,000","$1,600,000","$5,287,500"
afflaar01,"$1,959,577","$1,086,240","$7,750,000","$7,562,500","$7,750,000","$7,312,500","$944,520","$1,015,440",,,
hardaan01,,,,,,,"$320,142",,"$15,750,000",,"$14,625,000"
harklma01,,,"$1,731,960",,"$1,887,840","$1,809,840",,,,,
eyengch01,"$1,020,960",,"$1,174,080","$1,097,520",,,,,,,
fordsh02,,,,,,,,,"$116,711",,
mcderdo01,,,,,"$2,277,960",,,,,,
burksal01,,,"$2,171,640","$2,020,200","$3,034,356","$2,202,000",,,,,
beaslmi01,"$4,962,240","$4,638,600","$5,750,000","$6,262,347","$330,226","$1,027,424",,"$4,314,960",,,
millemi01,"$5,000,000","$9,750,000","$5,800,000","$5,400,000","$2,732,000","$1,399,507","$8,376,194","$9,028,575","$6,750,000","$7,623,813","$6,000,000"
carlige01,,,,,,,,,,,"$65,779"
jonesde01,,,"$473,504",,,,,,,,
langja01,,,,,,,,,,"$771,331",
peelean01,,,,,,,,,,,"$1,600,000"
johnsde03,,,,,,,"$42,203",,"$835,810","$865,063","$745,046"
kittlke01,,,,,,,,,,,"$9,566,667"
ewingpa02,,,,,,,,,,,
vujacsa01,"$5,475,113","$5,000,000",,,,,"$1,756,951","$4,524,887","$910,440","$973,920","$846,840"
horfoal01,"$5,444,857","$4,307,640","$12,000,000","$12,000,000","$12,000,000","$12,000,000","$3,745,800","$4,026,720",,,
poweldw01,,,,,"$507,336",,,,,,
hendeal01,,,,,,,,,"$1,138,500","$1,178,348","$8,273,125"
spanova01,,,,,,,"$1,944,000",,,"$1,800,000",
greenta01,,,,,,,"$427,163",,,,
eisleho01,,,,,,,,,"$291,567","$162,660","$1,100,000"
clarkia01,,,,,"$816,482",,,,,,
machasc01,,,"$192,228",,,,,,,,
prigipa01,,,"$473,604",,"$1,662,961","$1,591,350",,,,,
kuzmiog01,,,,,"$816,482",,,,,,
edwarco01,,,,,,,,,,,"$319,498"
norrimo01,,,,,,,,,"$4,200,000",,"$3,850,000"
bareajo01,"$1,815,000","$1,657,500","$4,493,500","$4,300,000","$1,310,286","$4,687,000","$687,456","$1,500,000",,"$412,718",
wrighbr02,,,,,,,,,"$398,762","$664,209",
kilpase01,,,,,"$29,843",,,,,,
marksse01,"$1,264,687","$1,187,686",,,,,"$1,033,930","$1,141,838","$835,810","$932,015","$745,046"
monrogr01,"$2,798,040",,"$3,217,680","$3,007,920","$5,479,934","$4,086,454",,,,,
wagneda02,,,,,,,,,,"$771,331","$2,643,600"
udokaim01,"$264,232","$838,034",,,,,"$1,000,000","$1,080,000",,"$744,551",
cookbr01,"$1,146,337","$3,500,000",,"$1,223,166",,,"$3,500,000","$3,500,000","$1,038,960","$1,817,141","$971,160"
baynear01,,,"$401,170",,"$2,077,000","$788,872",,,,,
dienggo01,,,,,"$1,413,480","$1,352,640",,,,,
breweco01,"$3,703,472","$2,916,120","$3,243,000","$3,059,000","$4,702,500","$4,500,000","$2,535,720","$2,725,920",,,
wrighan01,"$992,680","$2,110,550",,,,,"$1,680,600","$1,800,000","$1,461,360","$1,570,920",
hairsma01,,"$736,420",,,,,,"$351,091",,,
richaja01,"$14,444,444","$13,333,333","$5,799,625","$5,395,000","$6,601,125","$6,204,250","$11,111,110","$12,222,221","$8,888,888","$9,999,999","$3,534,018"
olynyke01,,,,,"$2,075,760","$1,986,360",,,,,
cardibr01,"$1,352,181","$6,750,000",,"$1,352,181",,,"$5,850,000","$6,300,000","$5,393,300","$5,400,000","$4,903,000"
middlkh01,,,"$473,604",,"$915,243","$788,872",,,,,
najered01,"$3,000,000","$3,100,000",,"$2,750,000",,,"$4,952,380","$3,250,000","$4,190,476","$4,571,428","$3,809,524"
willifr02,,,,,,,,,,,"$957,480"
pattepa01,"$1,823,280",,"$2,096,760","$1,959,960","$5,831,326","$3,105,302",,,,,
thompkl01,,,"$2,286,000","$2,126,520","$3,075,880","$2,317,920",,,,,
pressph01,,,,,"$816,482",,,,,,
smithdo04,,,,,,,,,"$641,748",,"$425,000"
vaughja01,,,,,,,"$1,219,950","$1,262,275","$1,094,550","$1,071,225","$932,546"
wallara01,"$6,322,320","$5,854,000","$1,352,181",,,,"$12,540,000","$13,930,000","$10,860,000","$11,650,000","$9,720,000"
walkesa01,,,,,,,,,"$364,223",,"$995,046"
garneke01,"$18,800,000","$16,400,000","$11,566,265","$21,247,044","$12,000,000","$12,443,735","$23,750,000","$24,751,934","$18,000,000","$21,000,000","$16,000,000"
tayloty01,,,"$473,604",,,"$788,872",,,,,
hoibefr01,,,,,,,,,"$1,760,000",,"$1,600,000"
curryst01,"$2,913,840","$2,710,560","$3,958,742","$3,117,120","$10,629,213","$9,887,642",,,,,
bozemce01,,,,,,,,,,"$412,718",
milesaa01,,,,,,,,,"$155,614",,
smithjr01,"$6,757,851","$5,508,426","$2,806,452","$2,382,353","$6,516,000","$5,565,000","$2,134,067","$4,985,001","$1,297,080","$1,387,560","$1,206,600"
clarkea01,"$1,898,760","$1,766,280","$1,240,000","$1,160,000","$62,552","$4,250,000",,,,,
jacksji01,,,,,,,,,"$2,640,000",,"$2,420,000"
powelro01,,,,,,,,,,"$412,718",
stevede01,"$4,151,786","$3,886,928","$2,240,450","$2,500,000",,,"$1,033,930","$3,616,072","$2,750,000","$932,015","$2,500,000"
sefolth01,"$3,250,000","$2,759,628","$3,600,000","$3,300,000","$4,150,000","$3,900,000","$1,805,160","$1,931,160",,"$1,679,280",
olowomi01,,,,,,,,,"$5,900,400","$1,103,225","$5,408,700"
thomptr02,,,"$762,195","$473,604",,,,,,,
wilkida02,"$748,656","$3,300,000","$1,223,166","$1,146,337",,,"$2,900,000","$3,100,000","$2,500,000","$2,700,000","$385,277"
claxtsp01,,"$5,209,454",,,,,"$6,306,182","$5,757,818","$3,600,000","$6,854,546","$3,300,000"
howarju01,"$1,352,181","$1,306,455",,"$1,352,181",,,"$1,211,197","$51,976","$5,900,400","$6,392,100","$5,408,700"
stricer01,,,,,,,,,,,"$1,650,000"
singlse01,,,,,,,,"$442,114",,,
acyqu01,,,"$665,000",,"$915,243","$788,872",,,,,
houstal01,,,,,,,,,"$19,125,000",,"$17,531,250"
wallabe01,"$2,080,000","$1,306,445",,"$2,246,400",,,"$15,500,000","$14,500,000","$7,500,000","$16,000,000","$7,000,000"
korveky01,"$5,000,000","$5,155,115","$5,000,000","$5,000,000","$6,253,521","$6,760,563","$4,400,000","$4,956,818","$3,630,363","$4,018,182","$620,046"
noelne01,,,,,"$3,315,120","$3,172,320",,,,,
parsoch01,,,"$888,250","$850,000","$14,700,000","$926,500",,,,,
serapke01,"$1,563,120",,"$1,797,600","$1,680,360","$3,898,692","$2,761,114",,,,,
westda01,"$8,287,500","$9,075,000","$10,000,000","$10,000,000","$12,000,000","$12,000,000","$10,650,000","$9,862,500","$1,334,160","$2,051,938","$1,247,160"
markoda01,,,,,,,,,,"$412,718",
tayloje03,,,"$575,000",,"$915,243","$788,872",,,,,
tayloje02,"$780,871","$725,000",,,,,,,,,
wafervo01,"$915,852",,,,,,"$770,610","$826,269","$398,762","$24,300",
jefferi01,"$8,400,000","$14,200,000","$10,164,000","$9,282,000","$1,448,490","$11,046,000","$12,200,000","$13,200,000","$10,200,000","$11,200,000","$2,266,794"
fizerma01,,,,,,,,,,,"$735,960"
meeksjo01,"$762,195","$650,000","$1,500,000","$854,389","$6,000,000","$1,550,000",,,,,
randoza01,"$17,666,666","$16,000,000","$16,500,000","$15,200,000","$16,500,000","$17,800,000","$13,333,333","$14,666,667","$10,666,667","$12,000,000","$1,504,272"
shengto01,,,"$473,604",,,"$788,872",,,,,
robingl02,,,,,"$507,336",,,,,,
bensoke02,,,,,,,,,,,
tollian01,"$2,200,000","$51,983","$915,852","$2,050,000","$3,000,000","$1,027,424",,"$26,007",,,
moultar01,,,"$1,042,320",,"$1,136,160","$1,089,240",,,,,
gordoaa01,,,,,"$3,992,040",,,,,,
aldrila01,"$11,244,000","$5,844,827","$13,500,000","$12,372,000","$16,006,000","$14,128,000","$4,329,360","$4,631,400",,"$4,027,320",
storeaw01,,,,,,,"$711,517",,"$641,748",,"$84,573"
freeljo01,,,"$3,013,512",,"$3,013,512","$2,897,976",,,,,
duranke01,"$6,053,663","$4,796,880","$16,669,630","$15,506,632","$18,995,624","$17,832,627","$4,171,200","$4,484,040",,,
allenla01,,,"$3,000,000","$473,604","$948,163","$3,060,000",,,,,
belinma01,"$2,380,270","$1,547,640","$1,957,000","$3,377,604","$2,873,750","$2,750,000","$1,345,800","$1,446,720",,,
greerly01,,,,,,,,,,"$664,209",
bradlsh01,,,,,,,,,"$4,500,000","$4,800,000","$4,000,000"
mckieaa01,,,,,,,"$750,000",,"$2,500,000","$2,500,000","$5,500,000"
denglu01,"$11,345,000","$10,370,425","$13,305,000","$12,325,000","$9,714,461","$14,275,000","$3,320,339","$9,385,000","$2,443,920","$2,614,440","$2,273,400"
chrispa01,,,,,,,,,,,
masonde01,,"$76,850",,,,,"$5,000,000","$5,300,000","$7,333,333","$8,037,037","$6,529,630"
hairspj02,,,,,"$1,149,720",,,,,,
brockjo01,"$1,000,000","$457,588","$1,000,000","$1,000,000",,,,,,,
kinseta01,,,,,,,"$219,533","$797,581",,"$412,718",
cunnida01,"$762,195","$457,588","$2,090,000","$2,000,000","$831,942","$2,180,000",,,,,
terryja01,"$10,650,000","$9,862,500","$5,000,000","$11,158,000","$5,850,313","$5,625,313","$8,898,000","$9,196,000","$6,666,667","$8,100,000","$7,500,000"
russebr01,,,,,,,,,"$1,138,500",,"$1,100,000"
jacksbo01,,,,,,,"$5,670,000","$6,487,888","$3,375,000","$5,259,000","$3,150,000"
lasmest01,,,,,,,"$48,056",,,,
telfase01,"$2,700,000","$2,500,000","$1,567,500","$1,500,000","$915,243",,"$2,562,426","$2,300,000","$1,676,280","$1,793,160","$1,559,280"
hamilri01,"$12,500,000","$11,625,000","$5,000,000","$5,000,000","$333,333","$1,000,000","$10,000,000","$10,812,500","$8,625,000","$9,187,500","$7,812,500"
mensapo01,"$364,461","$87,406",,,,,,,,"$412,718",
millere01,,,,,,,,,"$6,000,000",,"$5,500,000"
johnsar02,"$473,604",,,"$762,195",,,,,,,
vanexni01,,,,,,,,,"$1,138,500",,"$11,933,252"
splitti01,"$3,400,000",,"$3,944,000","$3,672,000","$9,250,000","$10,000,000",,,,,
butlera01,"$2,400,000","$3,945,000",,"$1,229,255","$1,448,490",,"$3,315,000","$3,630,000","$1,300,000","$3,000,000","$1,200,000"
thornma01,"$762,195","$457,888","$7,525,000","$7,000,000","$8,575,000","$8,050,000",,,,,
thomati01,,"$1,306,455",,,,,"$5,632,200","$6,049,400","$13,975,000","$5,215,000","$12,900,000"
stricro02,,,,,,,,,,,
outlabo01,,,,,,,"$160,071",,"$1,138,500","$1,178,348","$1,059,756"
balkmre01,"$1,675,000","$2,112,417","$1,675,000","$1,675,000",,,"$1,280,640","$1,369,920",,"$1,191,240",
poweljo01,"$1,069,609","$959,111",,,,,"$800,000","$854,957","$398,762","$744,551",
adamsjo01,,,,,"$1,344,120",,,,,,
rushka01,,"$534,906",,,,,"$854,957","$926,678","$3,000,000","$19,466","$1,174,200"
reddmi01,"$18,300,000","$17,040,000",,"$1,308,506",,,"$14,520,000","$15,780,000","$12,000,000","$13,260,000","$3,000,000"
rondora01,"$9,090,911","$2,094,922","$11,000,000","$10,045,455","$12,909,091","$11,954,545","$1,229,280","$1,315,080",,"$1,143,600",
forbega01,"$473,604",,"$1,500,000","$1,500,000",,,,,,,
thomptr01,,,"$4,006,080","$3,726,600","$5,138,430","$4,062,000",,,,,
nachbbo01,,,,,,,"$2,500,000",,"$2,500,000","$2,500,000","$1,493,880"
jonesju01,,,,,,,,,"$1,875,000","$998,967","$1,687,500"
walkeke02,,,"$2,532,960","$2,356,320","$3,272,091","$2,568,360",,,,,
woodslo01,,,,,,,,,"$780,000","$300,000","$755,000"
brownbo02,,"$736,420",,,,,,"$442,114",,,
jamesbe01,,,"$473,604",,"$236,866","$788,872",,,,,
smithgr02,,,"$762,195","$301,733","$948,163","$884,293",,,,,
gibsota01,"$1,117,680","$1,039,800","$2,155,811","$1,195,680","$8,000,000","$7,550,000",,,,,
lewisra02,"$19,573,711","$18,876,000","$1,352,181","$21,136,631",,"$1,399,507","$14,880,000","$16,447,871","$8,571,429","$9,350,649","$7,792,208"
quinnch01,"$861,978","$1,055,000",,,,,"$687,456","$972,581",,"$412,718",
armsthi01,"$992,680","$2,801,198",,,,,"$1,900,200","$2,032,800",,"$1,767,600",
jenkich01,,,"$762,195","$473,604",,,,,,,
hughela01,,"$13,655,268",,"$414,443",,,"$12,000,084","$12,827,676","$10,344,900","$13,363,012","$5,455,200"
thompdi01,,,,,,,,,"$398,762","$89,101",
haywala01,"$1,020,960",,"$80,413","$1,097,520",,,,,,,
duprero01,"$58,393",,,,,,"$826,046",,"$719,373","$771,331","$620,046"
willise01,,"$1,629,120",,,,,"$1,416,600","$1,522,920",,,
nailole01,,,,,,,,,"$835,810",,"$745,046"
madsema01,,"$2,840,000",,,,,"$2,420,000","$2,630,000","$2,000,000","$2,210,000","$745,046"
przybjo01,"$7,405,300","$6,857,725","$1,352,181","$1,145,027",,,"$5,762,575","$6,310,150","$1,560,000","$5,215,000","$1,500,000"
westma02,,"$446,740",,,,,"$427,163","$711,517",,,
grangda01,"$10,973,202","$9,930,500","$13,058,606","$12,015,904","$2,077,000","$14,021,788","$1,516,800","$2,329,805","$1,318,920","$1,417,800",
arroyca01,"$1,223,166","$1,107,572",,,,,"$4,100,000",,"$4,000,000","$4,100,000","$4,000,000"
podkopa01,,,,,,,,,"$1,141,560","$600,000","$1,061,880"
stausni01,,,,,"$2,745,840",,,,,,
braggto01,,,,,,,,,,,
booketr01,"$1,204,560",,"$1,385,280","$1,294,920","$5,000,000","$2,350,820",,,,,
dioguik01,"$608,772","$884,881",,"$64,028",,,"$2,286,360","$2,912,823","$1,988,160","$2,137,200",
harpeju01,,,"$762,195","$473,604",,,,,,,
hinriki01,"$9,000,000","$9,500,000","$3,941,000","$8,100,000","$2,730,000","$4,059,000","$11,250,000","$10,000,000","$2,513,880","$3,192,628","$2,349,840"
mccrach01,,,,,,,,,,"$161,061",
bryanko01,"$24,806,250","$23,034,375","$27,849,149","$25,244,493","$23,500,000","$30,453,805","$19,490,625","$21,262,500","$15,946,875","$17,718,750","$14,175,000"
jacksje01,,,,,,,,,"$583,944",,
singlch01,,,"$1,596,360","$1,485,000",,"$1,618,680",,,,,
mcleoke01,,,,,,,,"$926,678","$1,250,000","$1,350,000","$750,000"
chalmma01,"$854,389","$773,500","$4,000,000","$4,000,000","$4,000,000","$4,000,000",,"$700,000",,,
kiddja01,"$8,610,500","$8,000,000","$3,090,000","$10,121,000",,,"$19,728,000","$21,372,000","$16,440,000","$18,084,000","$14,796,000"
padgesc01,,,,,,,,,"$1,670,000","$563,302","$807,546"
brookma01,,,"$1,193,280","$1,110,120",,"$1,210,080",,,,,
borchcu01,,,,,,,,,"$1,969,993",,"$1,280,880"
nelsode01,,,,,,,,"$182,047",,,
moonja01,"$3,000,000","$2,750,000",,,,,"$427,163","$711,517",,,
richaqu01,"$2,265,000","$9,352,400","$2,627,400","$2,446,600",,"$1,399,507","$8,105,500","$8,685,500","$6,940,000","$7,525,500","$5,800,000"
burkepa01,,,,,,,,,"$750,000","$810,000",
hansbty01,"$1,998,600","$1,859,160","$3,055,259","$2,138,040","$3,326,235","$3,183,000",,,,,
morrima02,,,"$2,063,040","$1,919,160","$2,989,239","$2,091,840",,,,,
morrima03,,,"$1,959,960","$1,823,280","$2,943,221","$1,987,320",,,,,
mccalra01,,,,,"$816,482",,,,,,
foylead01,,"$1,306,455",,,,,"$1,219,590","$1,262,275","$7,312,500","$8,125,000","$6,500,000"
georgpa01,"$2,238,360",,"$2,574,120","$2,406,240","$15,925,680","$3,282,003",,,,,
jacksce01,,"$53,834",,,,,,,,,
edwarsh01,,,,,,,,,,,
sullija01,,,"$1,306,920",,"$1,424,520","$1,365,720",,,,,
waitedi01,,,"$3,726,600",,"$4,062,000","$3,894,240",,,,,
fortsco01,,,,"$42,009",,,,,,,
udrihbe01,"$6,478,600","$6,031,800","$7,372,000","$6,925,400","$2,077,000","$1,272,279","$788,349","$5,585,000","$904,800","$967,920","$841,680"
thompho01,,,,,"$816,482",,,,,,
dickeka01,,,,,,,"$264,897",,"$31,305",,"$483,938"
johnsbr01,,,,,,,,,,,"$45,369"
rosste01,,,"$2,563,320",,"$2,793,960","$2,678,640",,,,,
willier01,,,,,,,,,"$3,938,000","$4,296,000","$3,580,000"
macijar01,,,,,,,"$500,000",,"$2,500,000","$500,000",
southja01,,,,,,,,,,,
mbengdj01,"$1,069,509","$959,111",,,,,"$249,478","$880,658","$880,000","$1,628,959","$800,000"
harriga01,,,,,"$1,519,200",,,,,,
leeda02,"$10,800,000","$7,000,000","$12,744,000","$11,610,000","$15,012,000","$13,878,000","$990,600","$1,788,033","$861,360","$926,040",
stuckro01,"$2,767,126","$1,805,040","$8,500,000","$8,500,000","$1,227,985","$8,500,000","$1,569,600","$1,687,320",,,
thomama01,,,,"$103,104","$474,000",,,,,,
rubiori01,,,"$3,741,120","$3,480,120","$5,070,686","$4,002,120",,,,,
gildetr01,,"$26,917",,,,,,,,,
sprewla01,,,,,,,,,,,"$14,625,000"
macklve01,,,,"$473,604",,,,,,,
lopezro01,"$1,867,320","$1,745,520","$4,899,293","$2,862,602","$6,124,728","$5,904,261",,"$1,623,720",,,
carrode01,"$1,085,400","$1,009,680",,"$289,382","$2,442,455","$2,557,545",,,,,
jordaje01,,,,"$473,604","$915,243",,,,,,
stackje01,"$222,712","$668,598","$1,352,181","$1,352,181",,,"$6,750,000","$7,000,000","$8,367,187","$9,296,874","$7,437,500"
morrite01,,,,,,,,,"$835,810",,
doubyqu01,,"$85,519",,,,,"$1,333,920","$1,427,040",,"$1,240,920",
hicksjj01,"$1,528,920","$1,429,200","$4,000,000","$2,354,537","$5,381,750","$5,150,000",,"$1,329,480",,,
pargoje01,,,"$443,867","$1,000,000",,,,,,,
majorre01,,,,,,,,,,"$20,133",
swiftst01,,,,,,,"$5,800,000","$6,200,000","$5,000,000","$5,400,000","$5,993,105"
pinknke01,,,,,,,,,,,
roseja01,,,,,,,,,"$15,694,250","$1,540,000","$14,487,000"
shakumu01,"$89,670",,,,,,"$5,450",,,,
jacksma02,,,,,,,,,"$4,550,000","$4,875,000","$4,225,000"
slokaur01,,,,,,,,,,"$412,718",
cassesa01,,,,,,,"$6,150,000","$1,262,275","$6,875,000","$6,850,000","$6,250,000"
caldejo01,"$9,000,000","$8,219,009","$11,046,591","$9,780,992","$7,097,191","$6,791,570","$2,471,604","$7,438,018","$2,190,000","$2,333,334",
anderda03,"$2,500,000","$2,300,000",,,,,,,,,
jonesda02,"$2,500,000","$2,500,000","$2,900,000","$2,700,000","$387,632",,"$753,767","$926,678","$1,223,160","$1,886,113","$1,143,360"
whitedj01,"$1,108,680","$1,036,440","$269,368","$2,001,167",,,,"$964,080",,,
fournev01,,,"$1,361,400",,"$1,483,920","$1,422,720",,,,,
akognjo01,,,,,,"$788,872",,,,,
obryapa01,,"$1,620,000",,,,,"$2,216,400","$1,500,000",,"$2,061,720",
wilcoch01,"$3,000,000","$3,000,000","$1,352,181","$3,000,000",,,"$6,500,000","$6,750,000","$2,812,239","$6,250,000","$2,210,880"
crittja01,,"$1,477,920",,,,,"$1,285,200","$1,381,560",,,
hummero01,,,,,"$880,000",,,,,,
arenagi01,"$17,730,694","$16,192,080","$20,807,922","$19,269,307",,,"$11,950,400","$14,653,466","$10,243,200","$11,096,800","$9,389,600"
fundela01,,,,,,,,,,,
walljo01,"$5,144,280",,"$5,915,880","$5,530,080","$14,746,000","$7,459,925",,,,,
hillst01,,,,,,,,"$148,238",,,
thomala01,,,"$762,195","$328,444","$403,784","$884,293",,,,,
goodwar01,,,,,"$1,112,280","$1,064,400",,,,,
mccanra01,,,,,,,"$1,769,160","$2,620,126","$1,538,400","$1,653,720",
griffad01,,,,,,,"$1,593,000","$1,711,000","$768,718","$1,475,000","$870,046"
weathcl01,,,,,,,,,"$6,353,200",,"$5,899,400"
harvedo01,,,,,,,,,,,
leuerjo01,,,"$762,195","$473,604","$967,500",,,,,,
ennisty01,,,,,"$1,590,720",,,,,,
nowitdi01,"$17,278,618","$19,795,714","$20,907,128","$19,092,873","$7,974,482","$22,721,381","$16,360,094","$18,077,904","$13,843,156","$15,101,625","$12,584,688"
grahajo01,"$992,680","$884,881",,,,,"$1,596,600","$2,449,184","$1,388,400","$1,492,440",
randosh01,,"$88,488",,,"$1,227,985",,"$1,080,000","$826,269","$398,762","$1,000,000",
babbch01,,,,,"$48,028",,,,,,
ebankde01,"$473,604",,"$1,054,389","$762,195",,,,,,,
houseed01,"$1,352,181","$2,862,000",,,,,"$1,500,000","$2,650,000","$835,810","$1,400,000","$563,327"
diawbo01,"$9,000,000","$9,000,000","$4,500,000","$9,000,000","$7,500,000","$4,702,500","$9,000,000","$9,000,000","$1,174,200","$1,870,501","$1,097,640"
silerga01,"$473,640",,,"$51,097",,,,,,,
maxieja01,"$5,000,000","$5,000,000","$5,000,000","$5,000,000","$1,316,809","$2,500,000","$1,041,360","$1,877,572","$905,640","$973,440",
perkike01,"$4,640,208","$4,250,000","$7,800,531","$7,123,626","$434,547","$8,477,437","$4,480,912","$4,578,880","$936,480","$1,689,409","$875,400"
griffbl01,"$5,357,280","$4,983,480","$7,226,892","$5,731,080","$17,674,612","$16,441,500",,,,,
planizo01,,,,,,,,,"$1,127,280","$150,000","$1,053,720"
lambje01,,,"$2,020,200",,"$2,202,000","$2,111,160",,,,,
petermo01,"$6,665,000","$6,212,960",,,,,"$5,356,000","$5,592,240","$4,550,000","$4,550,000","$4,400,000"
ezelife01,,,"$1,020,960",,"$1,112,880","$1,066,920",,,,,
johnswe01,"$3,726,600",,"$4,285,560","$4,006,080","$981,084","$916,099",,,,,
nelsoja01,"$7,800,000","$6,138,888","$8,600,000","$7,800,000","$2,732,000","$8,600,000","$1,961,609","$7,700,000","$1,189,200","$1,272,120","$1,106,160"
murrala01,,,,,,,,,"$1,138,500",,"$4,875,000"
harriot01,,,,,,,"$2,376,000",,"$3,500,000","$2,200,000","$3,150,000"
honeyty01,,,"$809,875","$775,000",,"$100,000",,,,,
gibsoda01,"$4,015,334","$4,088,500","$4,792,332","$4,403,834",,,"$687,456","$3,700,000",,"$412,718",
besttr01,,,,,,,,,,,"$1,000,000"
goodedr01,"$5,760,000","$4,500,000","$6,687,400","$6,226,200","$1,448,000",,"$6,453,416","$7,151,183","$4,065,811","$6,645,402","$3,214,080"
russewa02,,,,"$374,289",,,,,,,
thomaty01,"$6,611,570","$4,743,598","$8,000,000","$7,305,765","$72,234",,"$3,505,320","$3,749,880",,"$3,260,760",
conrowi01,,"$48,559","$85,439",,,,,,,"$15,099",
williel01,"$1,254,720",,"$1,442,880","$1,348,800","$53,838",,,,,,
mcdankj01,,,,,"$507,336",,,,,,
simiewa01,,,,,,,,,"$867,720","$932,760",
butleji01,,,"$1,097,520","$1,020,960","$2,008,748","$1,112,880",,,,,
hopsosc01,,,,,,,,,,,
covinro01,,,,,"$150,000",,,,,,
conlemi01,"$4,913,007","$3,883,800","$7,305,786","$6,611,571","$8,894,216","$8,000,001","$3,377,160","$3,630,480",,,
rossqu01,"$1,146,337","$1,033,342",,,,,"$826,046","$854,957","$700,000","$771,331","$620,046"
fishede01,"$3,700,000","$5,048,000","$182,942","$3,400,000",,"$1,399,507","$4,350,000","$4,700,000","$5,393,300","$5,883,600","$4,903,000"
korolya01,,,,,,,,,"$1,704,480","$1,832,280",
khryavi01,,,,,,,"$1,928,598",,"$1,095,960","$1,172,400","$1,019,400"
mcguido01,"$884,120","$825,497","$110,947","$915,852",,,"$427,163","$711,517",,,
weemsso01,"$854,389","$736,420",,,,,,"$442,114",,,
daniema01,"$2,470,000","$1,990,000","$1,229,255","$1,223,166",,,"$6,373,900","$6,864,200","$5,393,300","$5,883,600","$4,903,000"
jetereu01,"$473,604",,,,,,,,,,
harrejo01,,,"$354,197","$473,604",,"$884,293",,,,,
oladivi01,,,,,"$4,978,200","$4,763,760",,,,,
millequ01,,,"$473,604",,"$107,676","$788,872",,,,,
hassetr01,,"$4,350,000",,,,,"$4,350,000","$4,350,000","$4,350,000","$4,350,000","$4,350,000"
wrighbr03,"$3,398,072","$2,671,440",,,"$5,000,000","$5,000,000","$2,323,080","$2,497,320",,,
hayesch01,"$1,972,500","$2,111,750","$5,486,250","$5,250,000","$5,958,750","$5,722,500","$1,750,000","$1,768,000",,"$664,209",
songada01,"$4,818,000","$4,526,000",,,,,"$3,942,000","$4,235,000","$2,200,000","$3,650,000","$1,600,000"
higgico01,,,"$44,835","$473,604",,,,,,,
taylomi01,,,,,,,,"$500,000",,,
farmede01,,,,,,,,"$83,708",,"$275,404",
landrma01,,"$457,588",,,,,,,,,
curryja01,,"$26,917",,,,,"$427,163",,,,
cabocbr01,,,,,"$1,458,360",,,,,,
kleizli01,"$4,995,000",,"$4,600,000","$4,605,000",,,"$1,011,360","$1,824,493","$879,360","$945,360",
parketo01,"$13,500,000","$12,600,000","$12,500,000","$12,500,000","$12,500,000","$12,500,000","$10,500,000","$11,550,000","$8,400,000","$9,450,000","$1,545,441"
glynian01,,,,,,,,,,"$161,061",
ajincal01,"$1,467,840","$1,372,080",,,"$981,084",,,"$1,276,320",,,
bonnema01,"$3,000,000","$3,240,380","$3,630,000","$3,315,000","$1,448,490","$3,945,000","$2,678,000","$2,987,000","$2,000,000","$2,000,000","$385,277"
scottmi01,,,"$473,604",,"$3,333,333","$788,872",,,,,
lynchge01,,,,,,,,,"$3,200,000",,"$3,000,000"
engliki01,,,"$473,604",,,,,,,,
frankja01,,,,,"$19,914",,,,,,
lawalga01,"$473,640",,,,,,,,,,
larkish01,,,,,"$1,606,080","$1,536,960",,,,,
jamesle01,"$14,500,000","$15,779,912","$17,545,000","$16,022,500","$20,644,400","$19,067,500","$13,041,250","$14,410,581","$4,621,800","$5,828,090","$4,320,360"
jawaina01,,"$736,420",,,,,,"$442,114",,,
crawfja01,"$10,800,000","$9,360,000","$5,000,000","$5,000,000","$5,450,000","$5,225,000","$7,920,000","$8,640,000","$6,480,000","$7,200,000","$5,760,000"
whitero03,,,,,,"$1,719,480",,,,,
farieke01,,,"$1,348,800","$1,254,720","$2,249,768","$1,367,640",,,,,
jamisan01,"$13,358,905","$11,641,095","$1,352,181","$15,076,715",,"$1,399,507","$16,360,094","$9,923,285","$13,843,156","$15,101,625","$12,584,688"
shirlpa01,,,,,,,,,,,
fredeji01,,,"$2,406,240","$2,238,360","$948,163","$2,439,840",,,,,
bowenry01,,"$209,592",,,,,"$1,033,930","$1,141,838","$900,498","$998,967","$807,046"
bradlmi01,,,,,,,,,"$819,550",,"$720,046"
linje01,"$473,604",,"$8,374,646","$762,195","$8,374,646","$8,374,646",,,,,
shvedal01,,,"$2,934,610",,"$3,282,056","$3,150,000",,,,,
stojape01,"$636,320","$13,392,000",,,,,"$11,664,000","$12,528,000","$7,500,000","$10,800,000","$6,875,000"
gainesu01,"$89,670","$269,169",,"$854,389",,,,,,,
jonesda01,,,,,,,"$4,172,432","$4,460,186","$3,590,000","$3,884,678","$2,503,000"
asikom01,"$1,721,000",,"$8,374,646","$1,857,500","$8,374,646","$8,374,646",,,,,
frahmri01,,,,,,,"$623,694",,"$719,373",,"$695,046"
ledori01,,,,,"$96,056",,,,,,
ekeziob01,,,,,,,,,,,
blounma01,,"$7,962,500",,,,,"$7,901,040","$8,513,916","$5,515,875","$7,288,165","$4,903,000"
walkebi01,"$854,389","$736,420",,,"$115,422",,,"$542,114",,,
inglejo01,,,,,"$507,336",,,,,,
bullore01,,,,,"$1,200,720","$1,149,000",,,,,
willisc01,,,,,,,,,,,"$1,600,000"
diawaya01,,"$945,000",,,,,"$687,456","$875,000",,"$412,718",
mahinia01,"$762,196","$1,079,640","$4,000,000",,"$4,000,000","$4,000,000","$938,760","$1,009,200",,,
leeco01,"$1,409,040","$1,264,440","$5,000,000","$2,225,093","$5,450,000","$5,225,000",,"$1,176,240",,,
jonesso01,"$1,500,000","$1,620,000",,"$160,119",,,"$729,000","$797,581",,"$675,000",
cambyma01,"$11,749,832","$7,650,000","$4,590,338","$11,227,250","$646,609","$1,399,507","$11,250,000","$10,000,000","$9,150,000","$8,800,000","$8,500,000"
jeffeco01,,,,,"$507,336",,,,,,
lawsoty01,"$1,546,560","$1,438,690","$2,544,529","$1,654,440","$11,595,506","$10,786,517",,,,,
onuakar01,,,,,"$43,226",,,,,,
lambdo01,,,"$650,000",,,"$788,872",,,,,
milicda01,"$4,325,000","$7,500,000","$159,080","$4,776,500",,,"$6,500,000","$7,020,000","$4,135,200","$5,218,622","$3,865,440"
favorde01,"$4,133,280",,"$4,753,320","$4,443,360","$12,833,333","$6,008,196",,,,,
teaguma01,,,"$1,028,400",,"$1,120,920","$1,074,720",,,,,
felixca01,,,,,"$816,482",,,,,,
alstora01,,"$753,133",,,,,"$4,550,000","$4,900,000","$3,850,000","$4,200,000","$3,500,000"
loveke01,"$3,638,280","$3,401,040","$13,668,750","$4,609,701","$15,719,062","$14,693,906",,"$3,163,680",,,
pecheol01,,"$1,547,640",,,,,"$1,345,800","$1,446,720",,,
wilksmi01,,"$175,908",,,,,"$67,151","$998,398","$745,248","$798,112","$720,046"
gayru01,"$13,603,750","$3,280,997","$16,460,538","$15,032,144","$19,317,325","$17,888,931","$2,411,160","$2,579,400",,"$2,242,290",
profila01,,,,,,,,,"$745,248",,"$745,046"
ostergr01,,,,,,,,,"$4,400,000",,"$4,000,000"
ollieke01,,"$1,306,455",,,,,"$3,441,900","$1,262,275","$2,950,200","$3,196,050","$2,704,350"
varejan01,"$7,281,818","$6,300,000","$8,368,182","$7,700,000","$9,704,595","$9,036,364","$5,356,000","$5,784,480","$866,800","$945,600","$788,000"
coleno01,,,"$1,082,520","$1,035,960","$2,038,206","$1,129,200",,,,,
lawac01,"$203,057","$2,216,160",,,,,"$1,927,080","$2,071,680",,,
zhizhwa01,,,,,,,,,,,"$745,046"
haranlu01,"$473,604",,"$1,054,389","$762,195",,,,,,,
garbajo01,,,,,,,"$4,000,000","$4,350,000",,"$3,750,000",
collima01,,"$1,867,742",,,,,"$967,320","$1,034,760",,"$899,880",
grantbr01,,,,,,,,,"$1,670,000","$1,938,870","$13,233,434"
barrybr01,,"$2,062,800",,,,,"$5,544,370","$1,910,000","$4,691,390","$5,117,880","$4,264,900"
dunlemi02,"$10,561,984","$9,780,992","$3,750,000","$3,750,000","$3,326,235","$3,183,000","$8,219,008","$9,000,000","$4,506,261","$7,438,016","$3,565,080"
mcgeeja01,"$1,601,040","$1,496,640","$10,000,000","$2,462,400","$11,250,000","$10,750,000",,"$1,392,240",,,
johnsor01,,,"$550,000",,,"$788,872",,,,,
voskuja01,,,,,,,"$3,000,000","$826,153","$1,937,500","$2,000,000","$1,687,500"
warretj01,,,,,"$1,953,120",,,,,,
taftch01,,,,,,,,,"$423,762","$664,209",
blatcan01,"$5,900,000","$3,000,000","$1,146,337","$6,442,083","$8,471,339","$1,375,604","$2,470,000","$2,739,669","$398,762","$664,209",
douglto01,"$1,071,000","$996,240","$2,067,880","$1,145,640","$268,974","$1,600,000",,,,,
harrida01,,,,,,,"$1,734,316",,"$898,200","$960,840","$835,560"
lucasjo02,"$208,264",,"$1,500,000","$915,852","$123,827","$1,600,000",,"$32,842","$34,041","$700,000",
ubileed01,,,,,,,,,,,
battish01,"$7,354,500","$6,864,200","$3,135,000","$3,000,000",,"$3,270,000","$5,883,600","$6,448,900","$4,903,000","$5,393,300","$3,212,402"
rosema01,,,,,,,"$7,101,250","$7,647,500","$6,008,750","$7,525,397","$5,462,500"
foyera01,"$4,250,000","$3,575,761","$2,500,000","$4,250,000","$3,135,000","$3,000,000","$2,631,840","$2,815,560",,"$2,448,240",
ilicmi01,,,,,,,"$864,000",,,"$800,000",
youngni01,"$2,630,503","$1,714,800","$5,600,000","$3,695,857","$4,994,420","$1,106,942","$1,491,240","$1,602,960",,,
simmoce01,,,,,,,"$1,629,120","$1,742,760",,"$1,515,480",
singlky01,,,"$1,000,000",,"$1,090,000","$1,045,000",,,,,
wrighch02,,,,,,,,,,,
wadedw01,"$14,200,000","$15,779,912","$17,182,000","$15,691,000","$15,000,000","$18,673,000","$13,041,250","$14,410,581","$3,031,920","$3,841,443","$2,834,160"
solomwi01,,,,,,,,"$711,517",,,
bastoma01,,,,,,,"$1,830,000","$2,272,860",,"$744,551",
jeffeal01,"$13,000,000","$12,000,000","$15,000,000","$14,000,000","$13,666,667","$13,500,000","$2,480,885","$11,000,000","$1,512,840","$1,618,320","$1,407,240"
vucevni01,,,"$1,768,800","$1,645,400","$2,751,260","$1,793,520",,,,,
pavloal01,"$67,432","$1,250,000","$1,232,713","$1,223,166",,,"$4,250,000","$4,500,000","$1,274,160","$1,962,206","$1,191,000"
garcifr01,"$5,500,000","$5,800,000","$6,100,000","$5,800,000","$1,316,809","$1,265,977","$1,168,800","$1,983,454","$1,016,400","$1,092,600",
radojal01,,,,,,,,,,,"$720,046"
jacksst02,"$8,453,250","$7,650,000","$10,059,750","$9,256,500",,,"$6,630,000","$7,140,000","$5,610,000","$6,120,000","$5,100,000"
johnstr01,"$89,670",,,,,,,"$187,258",,,
jonesed02,,,,,,,"$1,830,000","$2,000,000","$14,576,250","$531,694","$13,455,000"
onealje01,"$5,765,000","$23,016,000","$1,352,181","$6,226,200",,"$2,000,000","$19,728,000","$21,372,000","$16,440,000","$18,084,000","$14,796,000"
anderal01,,,"$885,120",,"$1,276,061","$947,907",,,"$398,762","$102,131",
szczewa02,,,,,,,"$12,775,000","$13,775,000","$10,000,000","$11,775,000","$9,000,000"
rudezda01,,,,,"$1,100,000",,,,,,
hillge01,"$1,157,160","$1,081,680","$8,000,000","$2,086,360","$8,000,000","$8,000,000",,"$1,006,200",,,
smartma01,,,,,"$3,283,320",,,,,,
erdense01,"$473,604",,,"$762,195",,,,,,,
gutiejo01,,,,,"$59,686",,,,,,
dampier01,"$1,129,469","$12,115,500",,"$850,522",,,"$10,590,500","$11,553,000","$8,662,500","$9,628,000","$7,700,000"
kasunma01,,,,,,,,,"$682,050","$919,551","$385,277"
smithja01,,,,,,,,,,,"$720,046"
sandela01,"$1,731,960",,"$1,991,760","$1,861,920","$11,000,000","$3,053,368",,,,,
felixno01,,,,,,,,,,,
greenje02,"$4,455,988","$3,516,960","$8,385,000",,"$9,445,000","$8,965,000","$3,058,200","$3,287,640",,,
andrima01,,,,,,,,,"$398,762","$664,209",
gelabmi01,,,"$447,298",,,,"$802,000",,,"$802,000",
moniase01,,,,,,,,,"$1,016,400","$100,000",
bobbito01,,,,,,,,,,,"$305,403"
westbru01,"$4,017,720","$3,755,640","$13,668,750","$5,082,416","$15,719,062","$14,693,906",,"$3,493,680",,,
walshma01,,,,,,,,,"$38,904",,
brandel01,"$15,959,099","$14,858,471","$2,100,500","$17,059,727","$2,000,000","$4,000,000","$15,344,000","$13,757,844","$13,152,000","$14,248,000","$12,056,000"
johnsal01,,,,,,,"$687,456",,,"$412,718",
geeal01,"$76,219",,"$3,500,000","$854,389","$1,063,384","$3,250,000",,,,,
thomaku01,"$1,352,181","$3,800,000",,,,,"$8,091,188","$4,200,000","$6,620,062","$7,821,482","$5,884,500"
snellto01,,,,,"$1,472,400","$1,409,040",,,,,
lopezbr01,"$2,413,320","$2,225,880","$13,668,750","$3,076,983","$15,719,063","$14,693,906",,"$2,098,560",,,
webstma02,"$4,800,000","$4,344,000","$600,000","$5,256,000","$5,381,750","$5,150,000","$2,974,080","$3,771,133","$2,586,120","$2,780,160",
davidje01,,,,,,,"$427,163","$422,725",,,
gordoer01,"$3,016,680","$2,819,880","$13,668,750","$3,831,184","$14,898,938","$14,283,844",,"$2,623,200",,,
caracde01,"$473,604",,,"$270,427",,,,,,,
vasqugr01,"$1,035,960",,"$1,191,240","$1,113,600","$6,400,000","$2,150,188",,,,,
azubuke01,"$3,300,000","$3,132,000","$885,120",,,,"$687,456","$2,900,000",,"$50,000",
maggeco01,"$9,600,000","$8,937,931","$10,924,138","$10,262,069",,,"$7,000,000","$8,275,862","$7,000,000","$7,000,000","$7,000,000"
calatni01,,,,,"$816,482",,,,,,
huntest01,,"$3,696,000",,,,,"$3,248,000","$3,862,600","$2,800,000","$3,024,000","$720,046"
surabo01,,,,,,,"$3,840,000",,"$3,520,000","$3,840,000","$3,200,000"
mingya01,"$17,686,100","$16,378,325",,,,,"$13,762,775","$15,070,550","$5,594,906","$12,455,000","$4,436,880"
perovko01,,,,,,,"$1,800,000",,,,
glovedi01,,,,,,,,,"$163,085",,
thornal01,"$2,814,196","$1,900,200",,,,,"$1,652,280","$1,776,240",,,
simmobo01,"$71,951","$10,560,000",,"$594,836",,,"$9,280,000","$10,602,667","$8,000,000","$8,640,000","$825,000"
beverpa01,,,"$281,377",,"$915,243","$788,872",,,,,
stephla01,"$750,000",,"$870,000","$810,000","$9,000,000","$1,005,000",,,,,
pondequ01,"$1,073,280",,"$1,234,320","$1,153,800","$3,146,068","$2,225,479",,,,,
dowdeza01,"$242,374",,,,,,,,,,
schenlu01,,,,,,,,,,"$55,000",
samuesa01,"$500,000",,"$341,756","$762,195",,,,,,,
mozgoti01,"$3,567,096",,"$3,140,429","$3,343,896","$4,650,000","$4,400,000",,,,,
ebind01,,,,,,,,,"$964,320","$90,000","$901,440"
bellch01,"$4,447,792","$3,596,000",,"$4,099,920",,,"$3,100,000","$3,354,480","$641,748","$744,551",
lucaska01,,,,,,,,,,,
mitchto03,,,,,,,,,,,
mitchto02,,,,,"$816,482",,,,,,
luety01,,,,,,,"$3,500,000","$2,250,000","$3,500,000","$3,500,000","$1,600,000"
greenda02,"$94,154","$457,588","$3,500,000","$854,389","$4,025,000","$3,762,500",,,,,
stiemgr01,,,"$2,575,000","$762,195","$981,084","$2,676,000",,,,,
josepkr01,,,"$189,442",,,,,,,,
diazgu01,,,,,,,"$56,065",,,,
morroan01,"$4,000,000","$736,420","$4,000,000","$4,000,000","$3,200,000","$1,027,424",,"$442,114",,,
iguodan01,"$12,345,250","$12,200,000","$14,968,250","$13,531,750","$12,289,544","$12,868,632","$2,804,889","$11,300,000","$2,058,000","$2,201,640","$1,914,480"
owensan01,,,,,,,"$687,456",,"$398,762","$676,800",
bradlav01,"$1,418,160",,"$1,630,800","$1,524,480","$7,191,011","$2,511,432",,,,,
mariosh01,"$7,305,500","$6,635,068","$8,646,364","$8,022,449","$1,448,490","$9,316,796","$16,440,000","$17,810,000","$13,700,000","$15,070,000","$12,330,000"
napiesh01,,,,,"$1,238,640",,,,,,
robinth01,,,"$3,374,640",,"$3,678,360","$3,526,440",,,,,
piercpa01,"$13,876,321","$19,795,712","$16,790,345","$15,333,334","$5,305,000","$15,333,334","$16,360,094","$18,077,903","$13,843,156","$15,101,625","$12,584,688"
smithch05,,,,,,,,,,,
hayesja01,,"$2,062,800",,,,,"$1,200,000","$1,910,000","$2,011,080","$2,564,127","$1,879,920"
nashst01,"$10,310,938","$13,125,000","$8,900,000","$11,689,062","$9,701,000","$9,300,500","$11,375,000","$12,250,000","$9,625,000","$10,500,000","$8,750,000"
feltora01,"$7,500,000","$5,501,196","$3,480,453","$7,560,000","$3,793,693","$3,637,073","$3,274,440","$4,148,716","$2,847,360","$3,060,840",
mekelga01,,,,,"$633,974",,,,,,
drobnpr01,,,,,,,,,,,"$2,550,000"
davisgl01,"$3,300,000","$3,000,000","$6,400,000","$6,300,000","$1,227,985","$6,400,000","$427,163","$711,517",,,
emmetan01,,,,"$61,433",,,,,"$641,748",,"$385,277"
jenkijo01,,,"$1,204,560",,"$1,312,920","$1,258,800",,,,,
mcadoja01,,,,,"$167,122",,,,,,
walkean02,,,,,,,"$8,329,640","$8,854,475","$6,880,000","$7,606,820","$14,625,000"
daviebr01,,,,,,,,,,,
cabarza01,,,,,,,,,"$1,404,360","$2,157,097","$1,312,800"
leema01,,,"$762,195","$500,000",,"$884,293",,,,,
daniean01,,"$5,863,580",,,,,"$5,800,000","$6,200,000","$5,000,000","$5,400,000","$2,200,000"
iversal01,,"$161,386",,,,,"$19,012,500","$20,840,625","$16,453,125","$17,184,375","$14,625,000"
smithcr01,"$2,300,000","$2,500,000",,"$992,680",,,"$687,456","$2,500,000",,"$412,718",
willija04,"$321,652","$736,420",,,,,,"$244,463",,,
willija02,"$524,964","$1,306,455",,,,,"$8,937,500","$1,262,275","$7,562,500","$8,250,000","$6,875,000"
roberan03,,,,,"$1,160,880","$1,110,840",,,,,
anderja01,"$1,361,400",,"$145,749","$1,463,520",,"$916,099",,,,,
randoan01,"$1,965,720","$1,837,560","$1,674,641","$2,911,231","$1,825,359","$1,750,000",,"$1,709,280",,,
jonespe01,,,"$1,035,960",,"$1,129,200","$1,082,520",,,,,
harriju01,,,,,,,,,,"$390,556","$695,046"
poseyja01,"$7,148,800","$6,031,800",,"$7,595,600",,,"$3,206,000","$5,585,000","$5,900,400","$6,392,100","$5,408,700"
douglch01,"$854,389","$736,000","$72,892",,"$915,243",,,"$442,411",,,
odomla01,"$8,200,000","$7,500,000","$8,200,000","$8,900,000",,,"$13,248,596","$14,148,596","$11,465,333","$12,348,596","$10,548,596"
collida01,"$1,361,040","$1,266,120","$2,319,344","$1,455,960","$4,797,664","$1,900,000",,,,,
guglito01,,,,,,,,,,,"$2,700,000"
bellra01,"$3,000,000","$5,250,000","$3,480,000","$3,240,000",,,"$4,750,000","$5,000,000","$4,250,000","$4,500,000","$1,320,000"
dorsejo01,"$854,389","$881,000",,,"$948,163",,,"$816,500",,,
hamda01,,,,,,,,,,,"$932,546"
fraziti01,,,,,"$50,734",,,,,,
drewla02,,,,,"$59,686",,,,,,
powele01,"$915,852","$855,189",,,,,"$687,456","$797,581",,"$432,000",
carroma01,"$4,300,000","$4,700,000","$3,500,000","$3,900,000",,,"$5,450,000","$5,050,000","$1,100,000","$1,188,000",
cartean01,"$1,352,181","$1,306,455",,"$1,352,181",,,"$1,103,225","$1,147,533","$900,498",,"$807,546"
muhamsh01,,,,,"$1,971,960","$1,887,120",,,,,
baxtelo01,,,,,,,,,"$745,248",,"$542,475"
valanjo01,,,"$3,627,720",,"$3,678,360","$3,526,440",,,,,
kellyry01,,,,,"$1,650,000",,,,,,
rayal01,,,,,,,,,,"$412,718",
johnsca01,,,,"$168,035",,,,,,,
cherrwi01,,,,,"$25,000",,,,,,
skinnbr01,"$270,436","$1,306,455",,"$65,446",,,"$1,108,718","$1,262,275","$4,950,000","$5,400,000","$4,500,000"
jonesfr01,,,,,,,"$3,300,000","$622,531","$2,328,843","$3,100,000","$1,572,480"
hoodro01,,,,,"$1,290,360",,,,,,
campbel01,,,,,,,,,,,"$4,400,000"
curryse01,,,,,"$48,028",,,,,,
stoudsa01,,,,,,,"$783,000",,"$675,000","$729,000",
hudsole01,"$192,791","$193,802",,,"$55,774",,,,,,
bakerma01,,,,,,,,,,,
pollasc01,,,,,,,"$1,219,590",,"$6,274,937","$2,200,000","$5,792,250"
robinbe01,,,,,,,"$1,080,000",,"$641,748","$1,000,000","$385,277"
irvinky01,,,"$5,530,080","$5,144,280","$7,070,730","$5,607,240",,,,,
scalabr01,"$1,229,255","$3,413,793",,"$1,352,181",,,"$3,000,000","$3,206,897","$2,586,207","$2,793,103","$900,000"
thomake01,,"$8,775,000",,,,,"$7,875,000","$8,562,500","$6,500,000","$7,187,500","$6,000,000"
plumlmi01,,,"$1,073,280",,"$1,169,880","$1,121,520",,,,,
mccolcj01,,,,,"$2,421,000","$2,316,720",,,,,
tuckepj01,,,"$762,195",,"$5,700,000","$884,293",,,,"$412,718",
buforro01,,,,,,,,,,,"$745,046"
hasleud01,"$3,500,000","$7,100,000","$4,060,000","$3,780,000","$2,732,000","$4,340,000","$6,050,000","$6,575,000","$5,000,000","$5,525,000","$620,046"
smithno01,,,"$1,404,960","$1,306,920",,,,,,,
bogutan01,"$11,000,000","$10,000,000","$13,000,000","$12,000,000","$12,972,973","$14,000,000","$4,991,520","$6,294,310","$4,340,520","$4,665,960",
blakest01,"$4,000,000","$4,930,000","$4,000,000","$4,000,000","$2,077,000","$4,000,000","$4,250,000","$4,250,000","$1,000,000","$1,330,000","$620,046"
richaje01,,,,,,,"$85,932","$769,431",,"$55,365",
cookda02,"$2,169,857","$1,362,120","$589,769","$3,341,558",,,"$1,184,400","$1,273,200",,,
jacksre01,,,"$1,243,080","$1,156,320","$2,204,370","$1,260,360",,,,,
pricero01,"$1,380,000","$1,250,000",,"$1,069,509","$1,316,809","$1,265,977","$1,100,000","$1,188,000","$398,762","$664,209",
humphry01,,,,,,,,,,,"$1,223,160"
whiteha01,"$730,437",,,"$762,195","$769,881",,,,,,
biedran01,"$9,000,000","$9,000,000","$9,000,000","$9,000,000",,"$9,000,000","$2,636,696","$9,000,000","$1,857,360","$1,986,960","$1,727,760"
collini01,"$13,250,000","$6,250,000","$2,929,332","$3,272,997","$2,242,003","$2,585,668","$5,750,000","$6,350,000","$1,815,000","$2,501,070","$1,969,680"
sweetmi01,,,,,,,,,"$2,116,920","$2,696,956","$1,978,920"
nedovne01,,,,,"$1,104,240","$1,056,720",,,,,
rautian01,"$600,000",,,"$788,872",,,,,,,
dawsoer01,,,,"$38,172",,,,,,,
tylerje01,,,"$762,195","$650,000",,"$100,000",,,,,
gordobe01,"$10,800,000","$10,000,000","$12,400,000","$11,600,000","$4,500,000","$13,200,000","$4,881,669","$6,404,750","$3,610,200","$3,862,080","$3,358,320"
palacmi01,,,,,,,,,"$1,400,000",,"$807,546"
handlbe01,,,,,,,,,"$35,091",,
brownsh01,"$2,200,000","$2,000,000","$3,500,000","$3,500,000",,"$3,500,000","$1,044,120","$797,581",,"$971,280",
derozde01,"$2,453,880","$2,282,640","$3,344,250","$2,625,000","$9,500,000","$9,500,000",,,,,
harriel01,,,,,,,,,,,
catoke01,,,,,,,,,"$8,640,000","$1,071,225","$7,992,000"
holliry01,"$2,333,333","$2,183,333","$1,069,509","$2,483,333","$1,316,809","$1,186,459","$687,456","$972,581",,"$412,718",
thomaet01,"$1,223,166","$7,350,000",,,,,"$6,373,900","$6,864,200","$5,393,300","$5,883,600","$4,903,000"
gadzuda01,"$7,248,325","$6,749,260",,,,,"$5,751,130","$6,250,195","$4,750,000","$5,252,065","$695,046"
pargoja01,,"$2,000,000","$115,122","$1,223,166","$1,448,490","$1,399,507","$1,830,000",,"$895,248","$1,000,000","$695,046"
villach01,"$7,020,000","$6,500,000","$8,060,000","$7,540,000","$1,316,809","$8,580,000","$2,715,000","$3,448,050","$2,360,880","$2,537,880",
willite01,"$2,214,480","$2,060,040","$296,776","$2,369,040",,,,,,,
smithst01,,,,,,,,,,,"$1,100,000"
cleavma01,,,,,,,,,"$305,784",,"$735,960"
smithst03,,,,,,,,,,"$161,061",
melofa01,,,"$1,254,720",,"$437,080","$788,872",,,,,
colemde01,,,,,,,,,"$2,000,000",,"$4,500,000"
noahjo01,"$3,128,536","$2,455,680","$11,300,000","$12,000,000","$12,200,000","$11,100,000","$2,135,400","$2,295,480",,,
harrilu01,,,,,,,,,,,"$2,500,000"
ukicro01,,"$303,232",,,,,,"$1,250,000",,,
headlu01,"$992,680","$884,881",,,,,"$1,122,000","$1,962,378","$975,600","$1,048,800",
jeffedo01,,,,,,,,,,,
boshch01,"$14,500,000","$15,779,912","$17,545,000","$16,022,500","$20,644,400","$19,067,500","$12,455,000","$14,410,581","$3,348,000","$4,235,220","$3,129,720"
elsonfr01,"$1,146,337","$1,700,000",,"$305,792",,,"$3,000,000","$1,700,000","$719,373","$3,000,000","$620,046"
zellelu01,,,"$473,604",,,,,,,,
lillada01,,,"$3,065,040",,"$3,340,920","$3,202,920",,,,,
watsoea01,"$1,229,255","$2,800,000","$2,000,000","$2,000,000",,"$1,399,507","$5,800,000","$6,200,000","$5,000,000","$5,400,000","$1,458,000"
gainere01,,,,,,,,,"$1,556,160",,"$1,454,640"
wrighju01,"$2,858,057","$2,000,040",,,,,"$1,739,160","$1,869,600",,,
warriha01,"$4,250,000","$3,000,000","$4,000,000","$4,000,000",,,"$1,376,040","$2,119,102","$1,196,520","$1,286,280",
anderky01,,,,,"$1,093,680",,,,,,
leslitr01,,,"$250,000","$473,604",,,,,,,
kukocto01,,,,,,,,,"$2,000,000",,"$3,000,000"
aminual01,"$2,563,320",,"$2,947,800","$2,755,560","$981,084","$3,700,000",,,,,
carnero01,"$274,756","$855,189",,,,,"$1,547,760","$1,655,760",,"$1,439,760",
nunnaja01,,,,,,,,,,,
weartr01,,,,,"$507,336",,,,,,
grantje01,,,,,"$884,879",,,,,,
webbech01,,,,,,,"$602,173",,"$19,125,000","$661,024","$17,531,250"
doleami01,,,,,,,"$3,120,000",,"$2,640,000","$2,880,000","$2,400,000"
grayaa01,"$1,028,840","$1,000,497","$2,575,000","$2,500,000","$1,227,985","$2,690,875","$427,163","$711,517",,,
hartja01,,"$69,518",,,,,"$2,300,000","$2,484,000","$1,540,000","$242,640","$1,400,000"
chalmli01,,,,,,,,,"$682,050",,"$450,000"
millebr01,"$4,400,000","$12,250,000","$848,000","$4,752,000",,,"$10,500,000","$11,375,000","$8,750,000","$9,625,000","$7,875,000"
ridnolu01,"$4,000,000","$6,500,000","$4,000,000","$3,680,000","$2,750,000","$4,320,000","$6,500,000","$6,500,000","$1,638,000","$2,425,878","$1,531,200"
paulch01,"$14,940,153","$13,520,500","$17,779,458","$16,359,805","$20,068,563","$18,668,431","$3,615,960","$4,574,189","$3,144,240","$3,380,160",
batises01,,,,,,,,,"$398,762","$664,209",
freijma01,,,,,,,,,,"$145,961","$28,191"
chrisdi01,,,,,,,,,,,
obertfa01,"$992,680","$1,800,000",,,,,"$3,600,000","$3,600,000","$2,325,000","$2,500,000",
maynoer01,"$1,417,800","$1,318,920","$2,338,721","$1,516,680","$2,106,720","$2,016,000",,,,,
jenkiho01,,,,,,,,,,,"$385,277"
waynsma01,,,"$217,301",,,,,,,,
outlatr01,"$7,000,000","$4,000,000","$1,000,000","$3,000,000","$3,000,000","$3,000,000","$4,000,000","$4,000,000","$1,082,160","$1,836,426","$1,011,600"
welscji01,,,,,,,,,"$2,177,114",,"$1,419,240"
vanhoke01,,,,,,,"$4,300,000",,"$15,694,250",,"$14,487,000"
paynead01,,,,,"$1,855,320",,,,,,
jasiksa01,,,,,,,,,"$4,000,000","$4,000,000",
favervi01,,,,,"$2,090,000",,,,,,
fazekni01,,,,,,,"$427,163",,,,
henryxa01,"$2,020,200",,"$2,323,200","$2,171,640","$1,082,000",,,,,,
whiteja01,,,,,,,,,,,"$6,166,466"
horryro01,,,,,,,"$3,630,000",,"$3,000,000","$3,315,000","$1,100,000"
weaveky01,,"$870,968",,,,,,"$806,452",,,
grundan01,,,,,,,,,,,
gardnth01,,,,,,,"$101,451","$711,517",,,
vromaja01,,,,,,,,,"$682,051",,"$385,277"
almonmo01,,,,,,,"$1,005,960","$1,081,440",,,
randlju01,,,,,"$2,997,360",,,,,,
matthwe02,"$5,765,000","$457,588","$6,505,320","$6,135,160","$7,245,640","$6,875,480",,,,,
martida01,,,,,,,"$1,219,590",,"$946,646","$1,178,348",
anderry01,"$1,409,040","$1,317,120","$8,700,000","$2,244,601","$8,491,500","$8,308,500",,"$1,225,200",,,
simsco01,,,,,,,"$112,130","$184,648",,,
murraro01,,"$1,990,000",,,,,"$1,890,000","$1,500,000","$895,248","$1,750,000","$695,046"
reidry01,,,,"$475,000",,,,,,,
kennedj01,,,,,,,,,,,
boykiea01,"$1,352,181","$1,191,180",,,,,"$533,572",,"$2,750,000","$2,950,000","$2,500,000"
salmojo01,"$8,000,000","$5,456,000","$8,083,000","$8,500,000","$1,000,000","$7,583,000","$4,752,000","$5,104,000","$1,669,001","$4,400,000","$925,680"
buckngr01,,"$1,000,000",,,,,"$2,080,000","$4,010,005","$1,670,000","$1,941,333","$870,046"
burketr01,,,,,"$2,548,560","$2,438,760",,,,,
mccoyje01,,,,,,,"$151,089",,,,"$167,418"
knighbr01,,,,,,,"$1,600,000","$2,000,000","$4,600,000","$4,400,000","$932,546"
knighbr02,,,,,,,,,,,
knighbr03,,,"$2,755,560","$2,563,320","$3,553,917","$2,793,960",,,,,
johnsjo02,"$16,324,500","$14,976,754","$19,752,645","$18,038,573","$23,180,790","$21,466,718","$13,488,377","$14,232,567","$12,000,000","$12,744,189","$2,358,954"
sacrero01,,,"$473,604",,"$915,243","$788,872",,,,,
goberru01,,,,,"$1,127,400","$1,078,800",,,,,
divacvl01,,,,,,,,,"$2,000,000",,"$4,903,000"
mcgarmi01,,,,,"$1,400,040",,,,,,
sundobr01,,,,,,,,,,,"$870,046"
teletmi01,,,"$3,090,000",,"$3,368,100","$3,229,050",,,,,
karasse01,,,,,"$1,533,840","$1,467,840",,,,,
hilljo01,"$2,669,520","$2,483,280","$3,632,527","$2,855,760","$9,000,000","$3,563,600",,,,,
joneske01,,,"$390,027",,,,,,,,
byarsde01,,,,,,,,,,,
lowryky01,"$5,750,000","$2,034,997","$5,750,000","$5,750,000","$12,000,000","$6,210,000","$1,087,680","$1,163,520",,"$1,011,720",
whiteja02,,,"$854,389",,,,,,,"$405,435",
willide01,"$14,940,152","$12,323,900","$17,177,795","$16,359,805","$19,754,465","$18,466,130","$4,010,640","$5,069,449","$3,487,400","$3,749,040",
danieer01,,,,,,,,,,,"$385,277"
wesleda01,,,,,,,"$250,000",,"$5,070,000","$1,750,000","$4,455,000"
allenra02,"$10,000,000","$18,776,860","$3,090,000","$10,000,000",,"$3,229,050","$16,000,000","$18,388,430","$13,223,140","$14,611,570","$14,625,000"
mcrobjo01,"$885,120","$825,497","$3,135,000","$3,000,000","$5,305,000","$2,652,000","$427,163","$711,517",,,
washida01,,,,,,,"$154,847",,,,
vonleno01,,,,,"$2,524,200",,,,,,
mccarwa01,,,,,,,,,"$1,035,000",,"$1,337,500"
brewero02,"$4,790,000","$2,717,161","$1,069,509","$4,710,000",,"$1,186,459","$1,715,040","$1,834,680",,"$1,595,400",
anderch01,"$4,533,300","$3,650,000","$699,952","$4,234,000","$5,375,000","$1,399,507",,"$998,398","$3,500,000",,"$1,600,000"
babbilu01,"$1,645,440",,"$1,892,280","$1,768,800","$981,084",,,,,,
mirotni01,,,,,"$5,305,000",,,,,,
kirkal01,,,,,"$65,000",,,,,,
stewami01,,,,,,,,,,,"$4,800,000"
chandwi01,"$2,130,482","$1,255,440","$5,930,414",,"$6,757,913","$6,344,164","$1,091,640","$1,173,480",,,
atkinch01,,"$760,000",,,,,"$3,000,000","$3,240,000","$4,500,000","$3,000,000","$4,200,000"
danietr01,,,,,"$816,482",,,,,,
bennean01,,,,,"$5,563,920","$5,324,280",,,,,
aldrico01,"$2,126,520",,"$2,445,480","$2,286,000","$981,084",,,,,,
bynumwi01,"$3,250,000","$825,497","$3,250,000","$3,250,000","$144,468","$2,790,343",,"$711,517",,,
gilled01,,,,,,,"$151,089","$387,613","$819,551",,"$720,046"
jonesdw02,,,,,,,"$770,610","$46,812","$398,762","$664,209",
stoneju01,,,"$762,195","$473,604",,,,,,,
bibbymi01,"$5,564,767","$6,217,617",,"$1,352,181",,,"$13,500,000","$14,983,603","$11,500,000","$12,500,000","$10,500,000"
cottobr01,,,,,"$50,000",,,,,,
willima02,"$6,712,500","$7,500,000","$8,287,500","$7,500,000","$7,000,000","$7,500,000","$4,466,040","$5,636,143","$3,883,560","$4,174,800",
willima03,,"$855,189",,,,,"$1,180,200","$1,262,520",,"$1,097,880",
willima01,"$9,300,000","$8,860,000","$8,500,000","$8,500,000","$3,750,000","$2,652,000","$7,750,000","$8,353,000","$1,760,000","$1,920,000","$1,600,000"
liggide01,,,"$762,195","$473,604",,,,,,,
dinwisp01,,,,,"$700,000",,,,,,
moblecu01,,"$9,500,000",,,,,"$8,350,000","$9,100,000","$7,200,000","$8,125,000","$5,884,500"
brezepr01,,"$1,107,572",,,,,"$2,750,000",,"$2,750,000","$2,750,000","$1,554,326"
hornede01,,,,"$91,642",,,,,,,
gallola01,,,,,"$235,762",,,,,,
wallage01,"$10,500,000","$9,075,000","$9,682,435","$9,500,000","$10,105,855","$10,105,855","$9,500,000","$9,500,000","$5,000,000","$5,525,000","$1,652,453"
williju01,,,,,,,"$862,456",,,"$261,724",
butleja01,,,,,,,"$2,350,000","$2,552,000","$398,762","$2,200,000",
abdursh01,,"$6,600,000",,,,,"$5,800,000",,"$5,000,000","$5,400,000","$14,625,000"
willico02,,,,,,,,,"$6,000,000","$6,500,000","$5,500,000"
butleca01,"$10,561,960","$9,780,970","$8,000,000","$8,000,000","$4,500,000","$8,000,000","$8,218,990","$9,249,980","$2,461,617","$7,438,000","$1,930,680"
hamilze01,,,,,,,,,"$329,138",,"$807,546"
princta01,"$11,148,760","$10,324,380","$6,764,045","$6,292,135","$7,707,865","$7,235,955","$8,675,620","$9,500,000","$1,763,115","$7,851,240","$1,038,960"
dellama01,,,,,"$816,482",,,,,,
hobsoda01,"$103,078",,,"$245,884",,,,,,,
richach01,,"$43,319",,,,,"$427,163",,,,
davisan01,,,,,,,,,"$13,925,000",,"$12,925,000"
hansbbe01,,,"$473,604",,,,,,,,
amundlo01,"$2,225,000","$855,189","$1,069,509","$2,403,000","$409,167",,"$687,456","$797,581",,"$35,232",
turneev01,"$4,602,720",,"$5,293,080","$4,947,840","$3,278,000","$6,679,867",,,,,
adamsha01,,,,,,,,"$297,163",,"$412,718",
jacobca01,,,,,,,"$826,269",,,"$31,250","$1,082,160"
slayta01,,,,,,,,,,,"$695,046"
langfke01,,,,,,,"$272,316",,,,
greendo01,"$1,116,840","$1,044,000",,"$2,015,896",,,,"$971,160",,,
whittsh01,,,,,"$507,336",,,,,,
brownke01,,,,,,,,,,,"$2,332,388"
joneste01,,,"$1,485,000",,"$1,618,680","$1,551,840",,,,,
onealsh01,"$1,352,181","$20,000,000",,,,,"$20,000,000","$21,000,000","$20,000,000","$20,000,000","$27,696,430"
newblir01,,,,,,,"$3,441,900",,"$2,950,200","$3,196,050","$2,704,350"
edwarjo01,,,,,,,,,"$1,000,000","$1,080,000","$385,277"
brownde04,"$762,195","$457,588",,"$854,389",,,,,,,
nurkiju01,,,,,"$1,762,680",,,,,,
jennibr01,"$2,331,120","$2,168,520","$3,179,493","$2,493,720","$8,000,000","$7,655,503",,,,,
chrisdo01,,,,,,,,,"$1,575,000","$158,071","$7,550,000"
brownde03,,,,,,,,"$54,410",,"$412,718",
breweja01,,,,,,,,,,,"$720,046"
hunteli01,,"$1,306,455",,,,,"$2,250,000","$1,143,473","$1,760,000","$2,250,000","$1,600,000"
batumni01,"$1,196,760","$1,118,760","$10,850,000","$2,155,365","$11,765,500","$11,295,250",,"$1,040,640",,,
alabiso01,"$770,000",,,"$830,000",,,,,,,
alexajo01,"$90,465","$2,583,360",,,,,,"$2,403,120",,,
potapvi01,,,,,,,,,"$3,320,000","$3,674,584","$6,191,250"
clarkjo01,,,,,"$507,336",,,,,,
armstda01,,,,,,,"$1,219,590",,"$1,138,500","$1,178,348","$2,275,000"
greendr01,,,"$850,000",,"$915,243","$875,500",,,,,
youngsa01,"$886,000","$824,200","$723,716","$947,800",,,,,,,
blackta01,,,,,"$507,336",,,,,,
summeda01,"$762,195","$457,588",,"$303,137",,,,,,,
florelu01,,,,,,,,,,,"$385,277"
smithje01,,,,,,,,,,,
jordade01,"$854,389","$736,420","$10,532,977","$10,079,404","$11,440,124","$10,986,550",,"$550,000",,,
kaponja01,"$6,641,440","$6,212,960",,"$1,223,166",,,"$5,356,000","$5,784,480","$1,100,000","$1,188,000","$620,046"
harride01,"$8,981,000","$8,400,000","$8,500,000","$9,319,000","$3,878,000","$1,272,279","$3,995,003","$7,800,000","$2,947,440","$3,153,120","$2,741,880"
giricgo01,,,,,,,"$4,000,000",,"$4,000,000","$4,000,000","$4,000,000"
dawkian01,,,,,"$59,686",,,,,,
popema01,,,,,,,,,,,"$870,046"
kurzro01,,,,,,,,"$429,111",,,
francst01,,,,,,,"$2,430,000","$2,636,550","$13,700,000","$15,070,000","$12,330,000"
whalero01,,,,,,,,,"$398,762","$83,026",
currymi01,,,,,,,,,,,"$845,122"
holcora01,,,,,,,,,"$52,033",,
stoudda01,,,,,,,"$556,438","$2,325,000","$3,750,000","$4,050,000","$12,500,000"
sessira01,"$3,964,320","$3,670,667","$5,000,000","$4,257,973","$2,077,000","$5,000,000","$427,163","$722,517",,,
watsocj01,"$3,100,000","$1,000,497",,"$3,400,000","$2,106,720","$2,016,000","$125,479","$711,517",,,
doolike01,"$2,000,000","$3,564,000","$1,352,181","$2,246,400",,,"$3,596,000","$3,300,000","$3,100,000","$3,348,000","$745,046"
johnsam01,"$5,000,000","$3,666,666","$6,000,000","$5,500,000","$7,000,000","$6,500,000","$3,666,666","$3,666,667","$398,762","$664,209",
nocioan01,"$6,850,000","$7,500,000",,"$6,650,000",,,"$8,500,000","$8,000,000","$2,775,000","$3,950,000","$2,525,000"
fesenky01,"$1,087,500","$870,000",,,,,"$750,000","$810,000",,,
swiftro01,,,,,,,"$2,601,113","$3,579,131","$1,764,480","$1,887,600","$1,641,360"
gasolpa01,"$17,823,000","$16,452,000","$19,000,000","$18,714,150","$7,128,000","$19,285,850","$13,735,000","$15,106,000","$10,993,000","$12,364,000","$4,318,481"
senesa01,,,,,,,"$2,105,520","$2,252,400",,"$1,958,640",
banksma01,"$4,847,586","$4,553,793",,,,,"$3,966,207","$4,260,000","$1,724,280","$3,672,414","$1,611,840"
wardch01,,,,,,,,,"$1,870,000",,"$1,700,000"
jerregr01,,,,,"$816,481",,,,,,
cookom01,,,,,,,,,,,
mooremi01,,"$537,952",,,,,"$5,356,000","$5,632,200","$1,020,000","$1,071,225","$870,046"
willire02,"$762,195",,"$2,612,500","$2,500,000","$125,104","$947,907",,,,,
medvest01,,,,,,,,,"$3,000,000","$625,132","$3,000,000"
williaa01,,,,,,,"$1,890,000",,"$3,375,000","$1,750,000","$3,790,257"
millsel01,,,,,"$241,731",,,,,,
reedju01,,,,,,,"$1,436,500","$1,573,000","$641,748","$1,300,000","$385,277"
mcgratr01,"$1,352,181","$23,239,562",,"$1,352,181",,,"$19,014,187","$20,370,437","$15,694,250","$16,901,500","$14,487,000"
johnsiv01,,,"$962,195","$473,604","$25,000",,,,,,
rodrise01,,"$1,892,035",,,,,"$817,000","$1,048,800",,"$912,000",
brownti01,,,,,,,,,,,"$720,046"
elyme01,"$1,223,166",,,,,,"$895,341","$998,398","$2,401,027","$3,303,813","$1,742,400"
flynnjo01,"$3,192,000","$2,969,280",,"$3,414,720",,,,,,,
morrira01,,"$855,189",,,,,"$810,000","$797,581",,,
farmajo01,"$3,750,000","$1,947,240","$1,500,000","$4,000,000","$2,077,000","$1,106,941","$1,009,560","$1,080,000",,"$939,120",
martike01,"$16,545,454","$15,363,636","$437,470","$2,500,000","$414,551","$1,399,507","$13,250,000","$14,431,816","$10,636,364","$12,068,182","$9,454,546"
martike02,"$11,100,005","$10,180,170","$12,439,675","$11,519,840","$6,792,500","$6,500,000","$1,808,121","$8,760,335","$937,440","$1,002,840","$872,040"
zimmede01,,,,,,,,,,,
taylodo01,,,,,,,,,"$398,762","$664,209",
allento01,"$3,000,000","$2,500,000","$3,300,000","$3,150,000","$4,831,461","$4,494,382","$1,868,141","$2,500,000","$969,696","$1,037,280","$901,920"
yuesu01,,,,,,,,"$442,114",,,
greenja01,,,,,"$59,686",,,,,,
hendege02,"$2,103,840","$1,957,080","$3,101,327","$2,250,600","$6,000,000","$6,000,000",,,,,
huntebr01,,,,,,,,,,,"$620,046"
budinch01,"$780,871","$457,588","$885,120","$854,389","$5,000,000","$5,000,000",,,,,
thompmy02,,,,"$168,035",,,,,,,
garredi02,,,"$473,604",,"$915,243",,,,,,
evansma01,"$2,500,000","$2,500,000",,"$1,223,166",,,"$1,740,000","$2,500,000","$1,500,000","$1,620,000","$695,046"
thomaad01,,,,,,,,,,,
leoname01,,,"$2,126,520",,"$2,317,920","$2,222,160",,,,,
crowdja01,,,"$600,491",,"$915,243","$788,872",,,,,
fryech01,"$5,200,000","$2,000,000","$6,000,000","$5,600,000","$8,175,476","$6,400,000","$2,487,240","$3,163,769","$2,162,880","$2,325,000",
noguelu01,,,,,"$1,762,680",,,,,,
rogerro01,,,,,,,,,,,"$2,700,000"
macksh01,,,"$67,253","$473,604","$2,433,333","$884,293",,,,,
sowpa01,,,,,,,,,"$641,748","$744,551","$385,277"
kravtvi01,,,,,,"$1,500,000",,,,,
boothca01,,,,,,,"$1,103,225","$1,319,651","$900,498","$998,967","$5,900,700"
marbust01,,,,,,,"$19,012,500","$20,840,625","$16,453,125","$17,184,375","$14,625,000"
burksan01,,,,,,,,,"$641,748",,"$385,277"
bargnan01,"$8,500,000","$6,527,491","$10,000,000","$9,250,000","$11,500,000","$11,862,500","$4,838,880","$5,176,440",,"$4,501,200",
warrewi01,"$500,000",,,,,,,,,,
singlja01,,"$1,030,189",,,,,,"$826,269","$625,000","$675,000",
cartemi01,,,,,"$2,300,040","$2,200,920",,,,,
mcinnje01,,,,,,,"$1,219,590",,"$3,400,000","$3,600,000","$3,600,000"
tabusyu01,,,,,,,,,,,"$108,066"
okurme01,"$9,945,000","$9,000,000",,"$10,890,000",,,"$8,500,000","$8,500,000","$8,250,000","$8,250,000","$7,500,000"
lenarvo01,,,,,,,,,"$3,520,000",,"$3,250,000"
ellinwa01,"$1,078,800","$1,003,560","$2,083,042","$1,154,040","$923,780","$2,652,000",,,,,
rushbr01,"$2,069,049","$1,934,160","$4,000,000","$2,956,658","$1,145,685","$4,000,000",,"$1,799,160",,,
augmost01,,,,,,,,,"$1,138,500",,"$1,100,000"
johnsni01,,,,,"$507,336",,,,,,
canaais01,,,,,"$816,482",,,,,,
seungha01,,,,,,,,,"$641,748","$744,551",
finlemi01,,"$2,500,000",,,,,"$3,103,000","$2,500,000","$2,675,000","$2,889,000","$14,609,375"
mayse01,,"$884,881",,,,,"$1,862,160","$2,661,027","$1,619,280","$1,740,720",
grahast01,"$992,680","$884,881",,,,,"$770,610","$826,269","$48,630","$259,204",
pruitga01,,,,,,,"$650,000","$711,517",,,
templga01,"$71,736",,"$572,943",,"$981,084","$916,099",,,,,
goudean01,,,,"$473,604",,,,,,,
bledser01,"$1,485,000",,"$1,707,720","$1,596,360","$12,173,913","$2,626,473",,,,,
hodgeju01,,,,,,,,,"$1,148,760","$1,234,800",
ratlith01,"$1,352,181","$1,306,455",,,,,"$11,666,666","$1,262,275","$11,666,666","$11,666,666","$10,937,500"
anderan02,,,,,,,,,,,
willide02,,,"$4,947,840","$4,602,720","$6,331,404","$5,016,960",,,,,
vincima01,,,,,,,"$687,456",,,"$412,718",
wellsbo01,,,,,,,"$2,284,200",,"$8,000,000","$2,115,000","$7,700,000"
sampsja01,,,,,,,,,"$719,373","$771,331","$695,046"
sampsja02,,,,,"$507,336",,,,,,
brownlo01,,,,,"$283,367",,,,,,
copelch01,,,"$473,604",,"$3,135,000","$3,000,000",,,,,
haywobr01,"$6,900,000","$6,000,000","$2,050,000","$7,624,500","$2,213,688","$2,050,000","$5,000,000","$5,500,000","$4,000,000","$4,500,000","$1,735,305"
barnema02,"$1,765,000","$1,600,000","$1,229,255","$1,906,200","$3,396,250","$3,250,000","$3,000,000","$926,678","$131,593","$771,331","$695,046"
masonro01,"$1,400,000","$3,780,000","$1,223,116","$1,146,337",,,"$798,328","$3,500,000",,"$744,551","$203,428"
croshau01,,,,,,,"$1,219,590","$74,251","$7,900,000","$7,300,000","$8,260,000"
clavevi01,,,"$1,300,000",,"$1,370,000","$1,330,000",,,,,
lenal01,,,,,"$3,649,920","$3,492,720",,,,,
exumda01,,,,,"$3,615,000",,,,,,
brownja01,,,,,"$44,765",,,,,,
roberbr01,,,"$473,604",,"$2,732,000","$788,872",,,,,
anthojo01,"$3,300,000","$825,497","$3,750,000","$3,600,000","$3,800,000","$3,800,000","$427,163","$711,517",,,
smithjo03,"$11,600,000","$10,800,000","$13,200,000","$12,400,000","$2,077,000","$13,500,000","$2,243,543","$10,000,000","$1,365,360","$1,460,640","$1,270,080"
smithjo02,"$1,352,181","$1,306,455",,,,,"$5,200,000","$4,795,000","$6,353,200","$6,807,000","$5,899,400"
crabbal01,,,,,"$862,000",,,,,,
milescj01,"$3,700,000","$3,700,000","$2,225,000","$3,700,000","$4,205,000","$2,225,000","$770,610","$3,700,000","$398,762","$664,209",
basdeed01,,,,,,,,,"$398,762",,
harprma01,,"$6,500,000",,,,,"$6,000,000","$6,000,000","$5,020,000","$6,500,000","$4,690,000"
battito01,"$1,352,181","$6,292,000",,"$1,352,181",,,"$5,200,000","$5,746,000","$5,200,000","$5,746,000","$4,800,000"
obryajo01,,,,,"$600,000",,,,,,
willije01,,,,,,,"$7,639,400",,"$6,620,063","$7,014,400","$6,187,500"
augusdj01,"$2,540,400","$2,385,480","$3,500,000","$3,236,470","$3,000,000","$1,267,000",,"$2,208,960",,,
artesro01,"$6,322,320","$5,854,000","$7,258,960","$6,790,640",,"$1,590,000","$7,400,000","$7,400,000","$6,842,105","$7,526,316","$6,157,895"
giddejr01,,"$1,028,880",,,,,,"$957,120",,,
greende01,,,,,,,,,"$398,762",,
smithja02,"$2,187,913","$1,418,880","$2,500,000","$2,500,000","$3,278,000","$2,500,000","$1,233,840","$1,326,360",,,
jamesmi01,,"$6,466,600","$795,401","$277,566",,,"$5,632,200","$6,244,093","$3,410,000","$5,215,000","$3,100,000"
mbahalu01,"$854,389","$736,420","$4,795,192","$5,000,000","$4,382,576","$4,588,384",,"$757,000",,,
riverau01,,,"$2,238,360",,"$2,439,840","$2,339,040",,,,,
herrmwa01,,,,,,,"$1,944,000","$2,000,000",,"$1,800,000",
sloando01,,,"$44,835","$76,392","$948,163","$884,293",,,,,
lopezra01,,,,,,,,,"$1,744,313",,"$997,320"
murryto01,,,,,"$96,056",,,,,,
ennisja01,,,,,"$507,336",,,,,,
piatker01,,,,,,,"$1,219,590",,"$3,000,000","$1,178,348","$2,750,000"
priceaj01,"$762,195","$457,588","$885,120","$854,389","$62,552",,,,,,
harrial01,"$5,765,000","$10,026,875","$6,687,400","$6,226,200","$3,805,000","$1,399,507","$8,425,625","$9,226,250","$6,957,500","$7,625,000","$6,325,000"
moisoje01,,,,,,,,,,,"$1,760,000"
gomesry01,"$4,000,000","$3,867,500","$4,000,000","$4,000,000",,"$1,186,459","$770,610","$3,650,000","$428,762","$664,209",
willike02,,,,,,,,,,,"$1,300,000"
